song_id,name_song,track_number,album_id,album_name
57pe0wF0RgVPtcR4f1eXH2,Diran De Mi,1,507VZINfvVEAyrcPbJuOVU,Nata Montana
4Zx0yrZwW4uNpd1FhIrOV5,Mas Altas Que Bajadas,2,507VZINfvVEAyrcPbJuOVU,Nata Montana
3A2UK3SykAxeo3jeQv9ekR,La Lokerona,3,507VZINfvVEAyrcPbJuOVU,Nata Montana
0y6i1ZmaMj3jD6UxN0Aluu,Un Convoy,4,507VZINfvVEAyrcPbJuOVU,Nata Montana
7ctRhcAiTBQLsH64s93sN4,Pancake,5,507VZINfvVEAyrcPbJuOVU,Nata Montana
1UwCSHDl10Hga2jswZ6plN,Viejo Lobo,6,507VZINfvVEAyrcPbJuOVU,Nata Montana
7Fxb0ErkBj37nNQwmIhbRq,AFS,7,507VZINfvVEAyrcPbJuOVU,Nata Montana
3FUVgc4ULS0t7X7sUBZ1UO,Eres,8,507VZINfvVEAyrcPbJuOVU,Nata Montana
4t46soaqA758rbukTO5pp1,Mi Bello Angel,9,507VZINfvVEAyrcPbJuOVU,Nata Montana
6PlLiHoRcjCgK5som2T3ph,En Corto,10,507VZINfvVEAyrcPbJuOVU,Nata Montana
0FxtC8uFapbpDBliAU3sd6,AMG,11,507VZINfvVEAyrcPbJuOVU,Nata Montana
3KTExsIhHiqNHW9XBbTTZd,Como Es Arriba Es Abajo,12,507VZINfvVEAyrcPbJuOVU,Nata Montana
1EZk1gal98tb4lNI862KzO,Pacas De Billetes,13,507VZINfvVEAyrcPbJuOVU,Nata Montana
1LftbNqQmQvAHAqnASk6ez,Dando y Dando,14,507VZINfvVEAyrcPbJuOVU,Nata Montana
1eieyd4BLzvNUuiU0PaNMQ,Ghini,15,507VZINfvVEAyrcPbJuOVU,Nata Montana
4WsKll6m7ag53rVU4ONJcG,Free Nata,1,2irmTvrbuG1ox2Qa6R8J1L,NataKong
5qJBRW4DEL0kVi7wdzM8hc,Kong,2,2irmTvrbuG1ox2Qa6R8J1L,NataKong
0cFATLtRFNka5wMNY50LEa,Lio,3,2irmTvrbuG1ox2Qa6R8J1L,NataKong
4tmdfH3f6KVx6I6LHkCgqg,Tay,4,2irmTvrbuG1ox2Qa6R8J1L,NataKong
3RJtmjTdfo1Tz1Ys122y5y,Estrellas,5,2irmTvrbuG1ox2Qa6R8J1L,NataKong
5nggFqmrxKwOpmTS7sS48F,Dinero Digital,6,2irmTvrbuG1ox2Qa6R8J1L,NataKong
3C2wa3nyaZl7CCbW9N3oAg,De A De Veras,7,2irmTvrbuG1ox2Qa6R8J1L,NataKong
79cdKPrpDCOjiyKpAQwxOU,Gracias A Dios,8,2irmTvrbuG1ox2Qa6R8J1L,NataKong
6xpWfCGB1sS57f7k15ROkH,Quien Va A Caer,9,2irmTvrbuG1ox2Qa6R8J1L,NataKong
2lzwuUdqPxvKfKI314J6FD,Toronto,10,2irmTvrbuG1ox2Qa6R8J1L,NataKong
3MP9oRQ2LVNzgzgS1aRU2d,Cuento,11,2irmTvrbuG1ox2Qa6R8J1L,NataKong
5gS11pL9yQcnKrzbmliOwh,Brillo,12,2irmTvrbuG1ox2Qa6R8J1L,NataKong
2MHCMQssNyjDokJCkZYTt7,Mochila,13,2irmTvrbuG1ox2Qa6R8J1L,NataKong
4At5UqkhN2soNreIhYdx5X,Madrid,14,2irmTvrbuG1ox2Qa6R8J1L,NataKong
1rf9ED0kgnSWMpUxQj9XVX,Periquito,15,2irmTvrbuG1ox2Qa6R8J1L,NataKong
2Z4n01uZCSGvXDM5aggkuQ,Traigo Ganas,16,2irmTvrbuG1ox2Qa6R8J1L,NataKong
3dfU4Gby9MXckEQVa68TDC,Me Gusta,17,2irmTvrbuG1ox2Qa6R8J1L,NataKong
7w47Qtyrw5y4w5Qa0wNjco,Nataaoki,18,2irmTvrbuG1ox2Qa6R8J1L,NataKong
2LD4oUXIdfjHV2rqbFI8r7,Rolex Endiamantados,1,64VKaBv6HCauMYY0MOOZof,Soy El Diablo
5bwDW53U9UMh4CN0O1A2Rj,El de La Codeina,2,64VKaBv6HCauMYY0MOOZof,Soy El Diablo
6VNbDx8FBeXcUPGdo9kRM8,El de Los Jordan,3,64VKaBv6HCauMYY0MOOZof,Soy El Diablo
1H9UWUEOuqB8oLenxoZsAO,Soy El Diablo,4,64VKaBv6HCauMYY0MOOZof,Soy El Diablo
1zPbmVgkaeDD161MTt11sq,La Vida Es Bella,5,64VKaBv6HCauMYY0MOOZof,Soy El Diablo
6EDMSkNQ9Z0mYfYya9vmYs,Vida Peligrosa,6,64VKaBv6HCauMYY0MOOZof,Soy El Diablo
75oSZR2lsBDc8nvw845mDQ,Con Un Porte Fino,7,64VKaBv6HCauMYY0MOOZof,Soy El Diablo
3L8Tza5StoaZoTsulhrhc9,Jordan 23,8,64VKaBv6HCauMYY0MOOZof,Soy El Diablo
6cBBWW2pDcXsZ2KeZfHjvS,Ahora Todo Es Diferente,9,64VKaBv6HCauMYY0MOOZof,Soy El Diablo
5rkyWjZVLxRLw9SFycxUY4,Hasta Australia,10,64VKaBv6HCauMYY0MOOZof,Soy El Diablo
36ZalVsXKXwSS6AVT9lQN2,Y Que,11,64VKaBv6HCauMYY0MOOZof,Soy El Diablo
6QOhxeHG7KtKnlsQiB5Bm7,El 27,12,64VKaBv6HCauMYY0MOOZof,Soy El Diablo
0JDrG1g5HXbfgGtRKT0ofH,Diamantes,1,4TATXEH2tnZVTqlyURoWUR,A Mis 20
04QX4SHRnYuMj5PffvG0dA,El F,2,4TATXEH2tnZVTqlyURoWUR,A Mis 20
71YaqakPUZh3cnMYmuE5Oh,Carlitos,3,4TATXEH2tnZVTqlyURoWUR,A Mis 20
0sOU3cHMpAG7FvJGFwChSD,Se Les Olvida,4,4TATXEH2tnZVTqlyURoWUR,A Mis 20
5B41UMsExakr9vwwMNB7rb,En El Cielo o En El Infierno,5,4TATXEH2tnZVTqlyURoWUR,A Mis 20
391dJizAzRYufWsrP8SB35,Sin Ti,6,4TATXEH2tnZVTqlyURoWUR,A Mis 20
4DdnffqoFr9wDRlCACNmGf,Porte Exuberante,7,4TATXEH2tnZVTqlyURoWUR,A Mis 20
14m4h509A1JJojv3eDxUDe,Ninguna Como Ella,8,4TATXEH2tnZVTqlyURoWUR,A Mis 20
6QTYNdS6zwheublH0lSj0T,Llenas Las Cuentas (feat. Oscar Maydon),9,4TATXEH2tnZVTqlyURoWUR,A Mis 20
6AAzopzemjubqudc3dlmwM,Todo Se Dio,10,4TATXEH2tnZVTqlyURoWUR,A Mis 20
4ZomzapsPnKjVxSjijSqB4,Cuando Se Requiere,11,4TATXEH2tnZVTqlyURoWUR,A Mis 20
6RuZ56gsTqCe0DORsP0VWS,El Encuentro,1,5Z94qF1B7RtrwSPUG9dRLd,Nata
04ajAfJxgXi8aLwTZ7Fabt,No Se por Que Tanto Enredo,2,5Z94qF1B7RtrwSPUG9dRLd,Nata
0IEidEHAm5qamjkbvFCOPh,Waxesito,3,5Z94qF1B7RtrwSPUG9dRLd,Nata
6kf8iQ5eXq0P5xHfssRJHz,El Jr,4,5Z94qF1B7RtrwSPUG9dRLd,Nata
0Ysh9FeGCeQWUqXegUdjgv,Abriendo el Camino,5,5Z94qF1B7RtrwSPUG9dRLd,Nata
4vsQnDP4G9Q2NHk5yJ58JR,Me Critican,6,5Z94qF1B7RtrwSPUG9dRLd,Nata
1MQp0miPO242i8aS2cQT6R,Asi Es el Morro,7,5Z94qF1B7RtrwSPUG9dRLd,Nata
4x6POaDG5doO7uvDfD4VUR,El Mini Barbie,8,5Z94qF1B7RtrwSPUG9dRLd,Nata
5UoFolYVqme3NABM96m0cD,Verdes Verdes,1,2JC96lAWIMYId0no3JwmxI,Las 3 Torres
6YPczk6I8RRCjIcJ9I7p8y,Crónicas de un Gallo,2,2JC96lAWIMYId0no3JwmxI,Las 3 Torres
79fkYjEJlscHdgAtYWYfUO,Pienso en Ella,3,2JC96lAWIMYId0no3JwmxI,Las 3 Torres
01nnJYsbiVmikEm1VP0rVi,Las 3 Torres,4,2JC96lAWIMYId0no3JwmxI,Las 3 Torres
0TQUOyxDtGoY7ow4Pkkg9S,Viejo Vaya,5,2JC96lAWIMYId0no3JwmxI,Las 3 Torres
4zqDIYc0L7xmaznKGz6yIt,Ni yo me la Creo,6,2JC96lAWIMYId0no3JwmxI,Las 3 Torres
56g3muqgPWmf5trto7lTUq,En el Cora,7,2JC96lAWIMYId0no3JwmxI,Las 3 Torres
79EhW2G1zqlEURSQLZTy5H,Cada Vez,8,2JC96lAWIMYId0no3JwmxI,Las 3 Torres
4DvlvHBAkCC6CaG0jIu66Q,Los Tigres Mandan,9,2JC96lAWIMYId0no3JwmxI,Las 3 Torres
1OqGxMgzBa8NNG8FvE8xyp,Santal 33,10,2JC96lAWIMYId0no3JwmxI,Las 3 Torres
6PUvfpTNj5PWJZxla1f6LL,Pacas en las Rakas II,11,2JC96lAWIMYId0no3JwmxI,Las 3 Torres
0FnvUgsuMd5aTaTCiAbLJL,Callejón,12,2JC96lAWIMYId0no3JwmxI,Las 3 Torres
6zS8aueH8x5ETScuNAE28J,El Empresario,13,2JC96lAWIMYId0no3JwmxI,Las 3 Torres
3Fv25AArx4OLBuMr1zPekU,El Trono,14,2JC96lAWIMYId0no3JwmxI,Las 3 Torres
5cD983hcs0iGeqVeKDdFN3,El Padrinox,15,2JC96lAWIMYId0no3JwmxI,Las 3 Torres
7lD7yVzc0iBuJPKB9sy40U,Feeling Good (feat. Snow Tha Product & CNG),16,2JC96lAWIMYId0no3JwmxI,Las 3 Torres
2XOH1xKIqGVnOPyk9s4guZ,Yo Ya Se,1,7AGkmNOYEjPDNAeoL9K4PN,Soy El Nata
1s01yPXCumtpwoKDS8wlg1,10 Segundos,2,7AGkmNOYEjPDNAeoL9K4PN,Soy El Nata
4QOequf0gyDi53EEoecUp7,Se Murió,3,7AGkmNOYEjPDNAeoL9K4PN,Soy El Nata
6y7imed8JL397kap3qCkO5,Yo Le Batallé,4,7AGkmNOYEjPDNAeoL9K4PN,Soy El Nata
06WYdlbgfw5FGgVQOD9hBH,Traigo,5,7AGkmNOYEjPDNAeoL9K4PN,Soy El Nata
7aYP7DH23pb0cAZBQQK6uz,Noches De Desvelo,6,7AGkmNOYEjPDNAeoL9K4PN,Soy El Nata
645CwIdoRavbWEkA2RyZo6,Soy,7,7AGkmNOYEjPDNAeoL9K4PN,Soy El Nata
7CSwkulZz1cuI8j2GELOfA,Lo Que Quiero,8,7AGkmNOYEjPDNAeoL9K4PN,Soy El Nata
7bU1sTsK09PlT9YtqTeT7L,Low,9,7AGkmNOYEjPDNAeoL9K4PN,Soy El Nata
63zEmpbUIHw3tRCuDESLVf,Pal Que Dijo Que No,10,7AGkmNOYEjPDNAeoL9K4PN,Soy El Nata
7Ay3wM5kcF4zgCsEXmaPae,La Reina,1,6xO4H08B7Ps67z9wuPExZb,Trap Tumbado
2FGOdDfpkraPwMLW4kg3ds,Me Tira Por El Phone,2,6xO4H08B7Ps67z9wuPExZb,Trap Tumbado
00PVGsjnTVMQJQlxV4puoa,Yo Vengo De Barrio,3,6xO4H08B7Ps67z9wuPExZb,Trap Tumbado
3qRv6M9TyPVTeeTSjXBj9C,Dime Pa Que,4,6xO4H08B7Ps67z9wuPExZb,Trap Tumbado
0fOwHSVnVubpLH1mKd3XL1,Calle Pero Elegante,5,6xO4H08B7Ps67z9wuPExZb,Trap Tumbado
3HMU4uF7vo1Cohe0ohFvbW,Tumbado,6,6xO4H08B7Ps67z9wuPExZb,Trap Tumbado
4P7gYxO46OFuscEwlheMTq,Que Bendicion,7,6xO4H08B7Ps67z9wuPExZb,Trap Tumbado
6AZZqU7JMhDBtggjJCi4kQ,Lean,8,6xO4H08B7Ps67z9wuPExZb,Trap Tumbado
45igj3SybyjfFrUuKGJkpi,Bien Tumbado,1,1tpjN0LOyoLBT2WEhB2EUW,Corridos Tumbados Vol. 2
2fpccHlHdHjmwsnMjuWWsn,Bien Montados,2,1tpjN0LOyoLBT2WEhB2EUW,Corridos Tumbados Vol. 2
6tAsYVIxSm6GbDeJFedqc7,Diez Segundos,3,1tpjN0LOyoLBT2WEhB2EUW,Corridos Tumbados Vol. 2
76J2BkNiY9N5L5aSL49qt9,Operando,4,1tpjN0LOyoLBT2WEhB2EUW,Corridos Tumbados Vol. 2
1CSPS0XfIYL6O1sB3veINs,Tirando La H,5,1tpjN0LOyoLBT2WEhB2EUW,Corridos Tumbados Vol. 2
4urztkiiKr2krihhbYre1q,Para Andar Agusto,6,1tpjN0LOyoLBT2WEhB2EUW,Corridos Tumbados Vol. 2
1n7wwBoBcd9KVMqlO6n6ze,Mi Soledad,7,1tpjN0LOyoLBT2WEhB2EUW,Corridos Tumbados Vol. 2
6QgknxWjqfTVWLrDwhPf15,Aqui Estoy,8,1tpjN0LOyoLBT2WEhB2EUW,Corridos Tumbados Vol. 2
1F7ptWsMdhgVd4Zwny5rrV,El Magico,9,1tpjN0LOyoLBT2WEhB2EUW,Corridos Tumbados Vol. 2
2RBbtwSPF2iZGyUyJL7AkH,Vida Abnormal,10,1tpjN0LOyoLBT2WEhB2EUW,Corridos Tumbados Vol. 2
2uR3QPsl36lYrecS1LsNiQ,Bota Bota,11,1tpjN0LOyoLBT2WEhB2EUW,Corridos Tumbados Vol. 2
3WoGULk1bFMJ4d0Pydb9ag,Nostalgia,12,1tpjN0LOyoLBT2WEhB2EUW,Corridos Tumbados Vol. 2
3xFOLdkOgpckLFyUgZUl0x,La Rueda,13,1tpjN0LOyoLBT2WEhB2EUW,Corridos Tumbados Vol. 2
03y4ca2qiueyTSVMOqWExH,Refranes,14,1tpjN0LOyoLBT2WEhB2EUW,Corridos Tumbados Vol. 2
0notwF1Xa1VzZFqLALBZce,El Reloj,15,1tpjN0LOyoLBT2WEhB2EUW,Corridos Tumbados Vol. 2
7N17hOXr0IJ86BovNENHtO,Cambios,16,1tpjN0LOyoLBT2WEhB2EUW,Corridos Tumbados Vol. 2
1t2jnZfJug1b2M5DclypRV,28 Gramos,17,1tpjN0LOyoLBT2WEhB2EUW,Corridos Tumbados Vol. 2
0A297IRe21BACq7XNOqyip,El Franky,18,1tpjN0LOyoLBT2WEhB2EUW,Corridos Tumbados Vol. 2
16EoRUfVwMDzYPNCjKeFsP,6am,19,1tpjN0LOyoLBT2WEhB2EUW,Corridos Tumbados Vol. 2
5aJ1M43pinROpwaPnO8KRj,Amor Tumbado,1,6HvpgqHcpyXzAdNIioqIoq,Mi Nuevo Yo
0zFJLHiNh56GuhNczgVqpm,Mi Nuevo Yo,2,6HvpgqHcpyXzAdNIioqIoq,Mi Nuevo Yo
6OXDTduxjhhvcuqhapshMR,Compa Bladi,3,6HvpgqHcpyXzAdNIioqIoq,Mi Nuevo Yo
5HD1VkxQlGGEXhwQ2REBY2,La Torre NY,4,6HvpgqHcpyXzAdNIioqIoq,Mi Nuevo Yo
6W90qRPowJrauh3yPrmtoY,Quemando Un Gallo,5,6HvpgqHcpyXzAdNIioqIoq,Mi Nuevo Yo
0Vg9wajADEGyI8YczvVXyi,Aunque Les Pese,6,6HvpgqHcpyXzAdNIioqIoq,Mi Nuevo Yo
3O6d469HVaF8M3FOGcUf4r,Corridos Tumbados,7,6HvpgqHcpyXzAdNIioqIoq,Mi Nuevo Yo
1lKh7do66fwrRrL3vLLTPt,Golpes De La Vida,8,6HvpgqHcpyXzAdNIioqIoq,Mi Nuevo Yo
5NCBP3ivrIDcHEtzHSW3k0,El Drip,1,0Pr7tJefVMQCh8hy1n8OLr,Corridos Tumbados
6KCYZaTtjTkDoKgQr61tay,El Nayer,2,0Pr7tJefVMQCh8hy1n8OLr,Corridos Tumbados
7LH2UUuyMHt7035PLZQ8wx,Disfruto Lo Malo,3,0Pr7tJefVMQCh8hy1n8OLr,Corridos Tumbados
45VUFJHeZfopDwIV0LPzwI,El Cazador,4,0Pr7tJefVMQCh8hy1n8OLr,Corridos Tumbados
4grxcNFR2p7rb0Lq1uEFRO,La M4,5,0Pr7tJefVMQCh8hy1n8OLr,Corridos Tumbados
7n6GRe3u1y7UYSXk3LUt9q,El Chamaquito,6,0Pr7tJefVMQCh8hy1n8OLr,Corridos Tumbados
58bqqIYUIbkMOgD1ZBAr1E,Iniciales AL (Porte Fino),7,0Pr7tJefVMQCh8hy1n8OLr,Corridos Tumbados
5yHn0mPrtgdGC0eUROoodQ,Arriba Del 300,8,0Pr7tJefVMQCh8hy1n8OLr,Corridos Tumbados
5TcrOVydCIXJnEVBOcd4c0,El AK,9,0Pr7tJefVMQCh8hy1n8OLr,Corridos Tumbados
66kRtUTpkZG0aY0vBV30u1,Échele Un Ojo,10,0Pr7tJefVMQCh8hy1n8OLr,Corridos Tumbados
3lRxceRF0xldPItTNVLPGD,Un Suspiró Al Viento,11,0Pr7tJefVMQCh8hy1n8OLr,Corridos Tumbados
4g2qAKdnUcSEKKbzR8FaKr,Música Pal Barrio,12,0Pr7tJefVMQCh8hy1n8OLr,Corridos Tumbados
6pXUOqG3wyr3HiY3x9Vuco,Ahora,13,0Pr7tJefVMQCh8hy1n8OLr,Corridos Tumbados
3HdBaJJjn159Aa65869WKZ,Cuando Los Tope,14,0Pr7tJefVMQCh8hy1n8OLr,Corridos Tumbados
0tKl8ZVM6xJkhznvJAS3Nq,Ella,15,0Pr7tJefVMQCh8hy1n8OLr,Corridos Tumbados
7dRyj8N9EC8qQRjYL5Egsz,El Leon,16,0Pr7tJefVMQCh8hy1n8OLr,Corridos Tumbados
2EKXoQgPYkefxdEl2sDla5,Niño de Barrio,17,0Pr7tJefVMQCh8hy1n8OLr,Corridos Tumbados
1CBY5Rv9JtMgvKbJ1CangW,Cholos Malandros,18,0Pr7tJefVMQCh8hy1n8OLr,Corridos Tumbados
37ga8Mh4ylaWJlZCKaSFpc,Tranquilo Me Han De Ver,19,0Pr7tJefVMQCh8hy1n8OLr,Corridos Tumbados
6M5NgWwRMEFLt4bx457TTy,Buenos Ratos,20,0Pr7tJefVMQCh8hy1n8OLr,Corridos Tumbados
3Df7kydQpCLeEOhQDf2sM5,Porte Placoson,21,0Pr7tJefVMQCh8hy1n8OLr,Corridos Tumbados
5BNPfdCHtywmfmPB0jgqu0,Ahora Todo Es Diferente,1,0ECIYdy6byWnFYoY6Bn8CN,Todo Es Diferente
37ZGz1z6nmZej9ycDWeLxB,Y Que,2,0ECIYdy6byWnFYoY6Bn8CN,Todo Es Diferente
7K2JfvcKhIMwOndE6QBodf,El de La Codeina,3,0ECIYdy6byWnFYoY6Bn8CN,Todo Es Diferente
4QcFr52iHF3tqlPRdXjRF6,Soy El Diablo,4,0ECIYdy6byWnFYoY6Bn8CN,Todo Es Diferente
6i5WmvFVyFlUYd4Rn3HT5U,Con Amigos Reales Ando,5,0ECIYdy6byWnFYoY6Bn8CN,Todo Es Diferente
0OQkU6xtmJtSHTQFiXfeah,Con Un Porte Fino,6,0ECIYdy6byWnFYoY6Bn8CN,Todo Es Diferente
4ZqR0r4QspLew2WsYeTZiy,El de La Codeina Ft,7,0ECIYdy6byWnFYoY6Bn8CN,Todo Es Diferente
1G3hRpXdJbksnFV38soMZL,Mi Modo de Vivir,8,0ECIYdy6byWnFYoY6Bn8CN,Todo Es Diferente
2h7yfr1ORAEZgpHBloA8ZO,El Gryffindor,9,0ECIYdy6byWnFYoY6Bn8CN,Todo Es Diferente
6KiGjI8dN5zprrog7IAIZn,Bien Tranquilo,10,0ECIYdy6byWnFYoY6Bn8CN,Todo Es Diferente
5jVExEArvISIYu8mamVgfV,LA DURANGO,1,5kvw1bAOvzJdNi4hdgfaNf,ÉXODO
4Hr713a1f4DUOZ7BPuD0PQ,ME ACTIVO,2,5kvw1bAOvzJdNi4hdgfaNf,ÉXODO
2aYZaN5SmkRDLsrrV8GkBQ,LA PATRULLA,3,5kvw1bAOvzJdNi4hdgfaNf,ÉXODO
3YyTyWfSwAhesGCKpnuRKl,LA PEOPLE II,4,5kvw1bAOvzJdNi4hdgfaNf,ÉXODO
1qrhpxdnC4nUCyFefPVCDa,SR. SMITH,5,5kvw1bAOvzJdNi4hdgfaNf,ÉXODO
1uF2sVVCJNWBGSQ2foMWkU,ROMPE LA DOMPE,6,5kvw1bAOvzJdNi4hdgfaNf,ÉXODO
4xv5AneqR0bTokomIPfGyT,MAMI,7,5kvw1bAOvzJdNi4hdgfaNf,ÉXODO
1jIirpaACmgb4nTYfywys4,BELANOVA,8,5kvw1bAOvzJdNi4hdgfaNf,ÉXODO
2ta17XNzvAo7J43BiW0T0Q,BRUCE WAYNE,9,5kvw1bAOvzJdNi4hdgfaNf,ÉXODO
5GTBdEjZe7zEDp1N0eCZE4,HOLLYWOOD,10,5kvw1bAOvzJdNi4hdgfaNf,ÉXODO
2DXK0YNGSqnaIEX5iaSIoK,RELOJ,11,5kvw1bAOvzJdNi4hdgfaNf,ÉXODO
5c9vvmRxose2Qk8JOxpxrE,ICE,12,5kvw1bAOvzJdNi4hdgfaNf,ÉXODO
7Km1xUI1qByxTCNMf05BZ1,SOLICITADO,13,5kvw1bAOvzJdNi4hdgfaNf,ÉXODO
02cRoSfWU3RJNFyU3o4lhV,SANTAL 33,14,5kvw1bAOvzJdNi4hdgfaNf,ÉXODO
5UHK1rtK4MpBGb0KppIYh4,VINO TINTO,15,5kvw1bAOvzJdNi4hdgfaNf,ÉXODO
5LW4Z3Mz4CUliB4b6YyC7K,14 - 14,16,5kvw1bAOvzJdNi4hdgfaNf,ÉXODO
0S0pOwYmfbzGgQBYnL9U1j,GIMME A SECOND,1,5kvw1bAOvzJdNi4hdgfaNf,ÉXODO
2BACqEbfDpPMOO7xhSOz2B,PUT EM IN THE FRIDGE,2,5kvw1bAOvzJdNi4hdgfaNf,ÉXODO
3HQztiNynPPCCuowUnKoVR,PA NO PENSAR,3,5kvw1bAOvzJdNi4hdgfaNf,ÉXODO
7KDKBWgusjNgJXX2494v8u,PESO COMPLETO,4,5kvw1bAOvzJdNi4hdgfaNf,ÉXODO
5Fohh8kl8403DSoq4KH7Ll,BELLAKEO,5,5kvw1bAOvzJdNi4hdgfaNf,ÉXODO
5PbK9N675eK6ZyvezMgbQR,MALA,6,5kvw1bAOvzJdNi4hdgfaNf,ÉXODO
3GWUv0TDO5E3cHfsxYeptt,TOMMY & PAMELA,7,5kvw1bAOvzJdNi4hdgfaNf,ÉXODO
6CWwdHPWZDshoiplMtx2Jb,TEKA,8,5kvw1bAOvzJdNi4hdgfaNf,ÉXODO
4yjeRuoVickg1G87LWeRes,ROSA PASTEL,1,4jox3ip1I39DFC2B7R5qLH,GÉNESIS
3RA55zrRkyPK8Fd86hrMy8,LUNA,2,4jox3ip1I39DFC2B7R5qLH,GÉNESIS
6jUgruwAzfIA3HUQIO3wCR,77,3,4jox3ip1I39DFC2B7R5qLH,GÉNESIS
0xGZjxYqcNQ8WqxyeZ4eSN,RUBICON,4,4jox3ip1I39DFC2B7R5qLH,GÉNESIS
2bXJMQZSJND3UYq5mjV4cB,CARNAL,5,4jox3ip1I39DFC2B7R5qLH,GÉNESIS
0lc2neV7ZzjZExwCIVG2B3,LAS MORRAS,6,4jox3ip1I39DFC2B7R5qLH,GÉNESIS
775hCSePn3GW4h9nZ636kq,GAVILÁN II,7,4jox3ip1I39DFC2B7R5qLH,GÉNESIS
3B0swL7Qil9bB7eKzBREBK,VVS,8,4jox3ip1I39DFC2B7R5qLH,GÉNESIS
1tGGJ4SRZnd2H0E2dV05iM,SU CASA,9,4jox3ip1I39DFC2B7R5qLH,GÉNESIS
7mXuWTczZNxG5EDcjFEuJR,LADY GAGA,10,4jox3ip1I39DFC2B7R5qLH,GÉNESIS
3CEk3KwDixeCKOVPacup7L,ZAPATA,11,4jox3ip1I39DFC2B7R5qLH,GÉNESIS
0cNSq9T5l8gZnpY14rsTR2,PRC,12,4jox3ip1I39DFC2B7R5qLH,GÉNESIS
1RzjXhgnzqb3dMa5852itx,LA PEOPLE,13,4jox3ip1I39DFC2B7R5qLH,GÉNESIS
4Nf5EZ40JenjMUKXOiyRU5,NUEVA VIDA,14,4jox3ip1I39DFC2B7R5qLH,GÉNESIS
7bPp2NmpmyhLJ7zWazAXMu,TULUM,15,4jox3ip1I39DFC2B7R5qLH,GÉNESIS
3HOKxuTDmNVmIlCIpBiD8m,LAGUNAS,16,4jox3ip1I39DFC2B7R5qLH,GÉNESIS
6f8wbdo8KU5ETWJA7lapgS,BYE,17,4jox3ip1I39DFC2B7R5qLH,GÉNESIS
2QJkXnuTdQt5nfL4kG0KTo,La Melena - En Vivo,1,4EgzAGdJX8tL03haJCiwZy,"Disco en Vivo, Vol.2 (En Vivo)"
3W3FyFVltvvhfdSWWfVuQp,Lo Que Me Das - En Vivo,2,4EgzAGdJX8tL03haJCiwZy,"Disco en Vivo, Vol.2 (En Vivo)"
4kjIrEbm9hUtFPKa3gAB9Z,Entre Aguilas - En Vivo,3,4EgzAGdJX8tL03haJCiwZy,"Disco en Vivo, Vol.2 (En Vivo)"
579rIxuKrScE5NlJXrFVsH,El 08 - En Vivo,4,4EgzAGdJX8tL03haJCiwZy,"Disco en Vivo, Vol.2 (En Vivo)"
6NYc91HNYaqrCkFqDut1MD,El Ejecutivo - En Vivo,5,4EgzAGdJX8tL03haJCiwZy,"Disco en Vivo, Vol.2 (En Vivo)"
0rcS7yVhxutCsJVd8zn9eM,El Chango - En Vivo,6,4EgzAGdJX8tL03haJCiwZy,"Disco en Vivo, Vol.2 (En Vivo)"
24CzvIXYEvOTB9nZWPmVtn,Escuela de la Palma - En Vivo,7,4EgzAGdJX8tL03haJCiwZy,"Disco en Vivo, Vol.2 (En Vivo)"
4yvBNLFW047sIozqnh7aMV,El Travieso - En Vivo,8,4EgzAGdJX8tL03haJCiwZy,"Disco en Vivo, Vol.2 (En Vivo)"
5McvyUUAOMJOMilH3oT4oH,Jeraqui de Nivel - En Vivo,1,3FPXoHsP3xUjznyOv7J0WS,Disco (En Vivo)
69UfUBj0LtDm6EsY8f4vMC,Relajado Voy - En Vivo,2,3FPXoHsP3xUjznyOv7J0WS,Disco (En Vivo)
0ZFiP9xdw3dUkvrbPM1qJP,El AK - En Vivo,3,3FPXoHsP3xUjznyOv7J0WS,Disco (En Vivo)
0iRNMbHwmiwb3gKIFwlJX7,Yo Ando Agusto - En Vivo,4,3FPXoHsP3xUjznyOv7J0WS,Disco (En Vivo)
5QxIK63R8alaMzvTjuyBkX,Fuentes de Ortiz - En Vivo,5,3FPXoHsP3xUjznyOv7J0WS,Disco (En Vivo)
7xp910tWhetvPLBs7nxxA1,La Belikiada - En Vivo,6,3FPXoHsP3xUjznyOv7J0WS,Disco (En Vivo)
48pQWoo9ZMaceouLTdLlJL,Un Suspiro - En Vivo,7,3FPXoHsP3xUjznyOv7J0WS,Disco (En Vivo)
25TpqB3E7Lv8QSqypjfl5g,Tus Lindos Versos - En Vivo,8,3FPXoHsP3xUjznyOv7J0WS,Disco (En Vivo)
6M6UNzXD138cOBvXGV7HyY,Producto de La - En Vivo,9,3FPXoHsP3xUjznyOv7J0WS,Disco (En Vivo)
3w4vJodMKiRbHUj1mE1t8K,Playera 77 - En Vivo,10,3FPXoHsP3xUjznyOv7J0WS,Disco (En Vivo)
58884ZdRpKrylTEQ6oabrV,La Belikiada,1,6CH5CWXWN2X09u7iNuMGN0,Ah Y Que?
4sHQHZkB2LXWsggJQkcUxO,Relajado Voy,2,6CH5CWXWN2X09u7iNuMGN0,Ah Y Que?
1HXZjZkOgfrVBb7JsK0y1q,Producto De La,3,6CH5CWXWN2X09u7iNuMGN0,Ah Y Que?
0v4U8mjDwJmfdFp8HH68Qc,Omnia,4,6CH5CWXWN2X09u7iNuMGN0,Ah Y Que?
2LiRdZZujQ2m1UXsIaKUtV,Pastaillas Pa Olvidar,5,6CH5CWXWN2X09u7iNuMGN0,Ah Y Que?
3qwxRAtztIq77Dwd0jCkmP,Jerarquia de Nivel,6,6CH5CWXWN2X09u7iNuMGN0,Ah Y Que?
15gJuTkHBa9Xri3FJckfnV,La Pluma de Wax,7,6CH5CWXWN2X09u7iNuMGN0,Ah Y Que?
3xd926gxkO9JFc00c0FTud,El Pengüin,8,6CH5CWXWN2X09u7iNuMGN0,Ah Y Que?
1NgFyjghXO9ZI3YaRULpF3,La Roca,9,6CH5CWXWN2X09u7iNuMGN0,Ah Y Que?
0nQfKIMqHlYXgLQ3qloGYG,Yo Ando Agusto,10,6CH5CWXWN2X09u7iNuMGN0,Ah Y Que?
31mO4i9sNzomO0dXfSRvnm,Los Pixeliados,11,6CH5CWXWN2X09u7iNuMGN0,Ah Y Que?
7K0IG2uBsHy5EFgZNIaHWK,18/02,12,6CH5CWXWN2X09u7iNuMGN0,Ah Y Que?
0KVx1aaegvCi9dnQqerJbU,La Melena,1,6ShIhkhCxgHk9l0vnFBVOK,Efectos Secundarios
2zq4jvlUHtOk3v5eBLmCje,Lo Que Me Das,2,6ShIhkhCxgHk9l0vnFBVOK,Efectos Secundarios
0VORVyemoOUuiC0eBzSijP,La Encontré,3,6ShIhkhCxgHk9l0vnFBVOK,Efectos Secundarios
30KZEXfrwus1jmYKWai9cH,El Chuletas,4,6ShIhkhCxgHk9l0vnFBVOK,Efectos Secundarios
2wGKF4I474KeYzRmJ8CNSv,No Está Fácil,5,6ShIhkhCxgHk9l0vnFBVOK,Efectos Secundarios
2BUl8Rk7fPKQfceDUXe3to,Entre Humo y Huesos,6,6ShIhkhCxgHk9l0vnFBVOK,Efectos Secundarios
3SK5PYy8tEkhlxIfYUxgDM,Mil Historias,7,6ShIhkhCxgHk9l0vnFBVOK,Efectos Secundarios
2r4TBeUkATXJIqQPtwj6C0,Con Dinero Baila El Perro,8,6ShIhkhCxgHk9l0vnFBVOK,Efectos Secundarios
5KHVs1c1Kj0GkCFlNvrO0G,Y Qué?,9,6ShIhkhCxgHk9l0vnFBVOK,Efectos Secundarios
3GUkooHTVAUeDh3QFavDcp,Les Cuesta,10,6ShIhkhCxgHk9l0vnFBVOK,Efectos Secundarios
68cUJFq7aAbgeurngTmngL,$AD BOYZ II,1,7Lv6VzSqIz1sAssK2JUskG,$AD BOYZ 4 LIFE II
6YOfGIE6iFxC7G8OlGGvzW,ROCKSTAR,2,7Lv6VzSqIz1sAssK2JUskG,$AD BOYZ 4 LIFE II
431Dwa4XSR1z1aWgmCisnP,SERPIENTE,3,7Lv6VzSqIz1sAssK2JUskG,$AD BOYZ 4 LIFE II
2a8yglXvNw07OWu4lO2ByG,LA CHERRY,4,7Lv6VzSqIz1sAssK2JUskG,$AD BOYZ 4 LIFE II
77ewVGidVJETHhGtlNelrg,MIÉNTELE,5,7Lv6VzSqIz1sAssK2JUskG,$AD BOYZ 4 LIFE II
6RcAHyC5sAUIbPTkhOQwd8,Y LLORO,6,7Lv6VzSqIz1sAssK2JUskG,$AD BOYZ 4 LIFE II
0uQhDYHyoZe5DpncrPolb6,LAS NOCHES,7,7Lv6VzSqIz1sAssK2JUskG,$AD BOYZ 4 LIFE II
2CshODtf7iwe3pKlPmEWF5,TRES BOTELLAS,8,7Lv6VzSqIz1sAssK2JUskG,$AD BOYZ 4 LIFE II
0N9YbdsoDv3SwT8wt4S5rT,MILES DE ROSAS,9,7Lv6VzSqIz1sAssK2JUskG,$AD BOYZ 4 LIFE II
5VcZAOKJCIys1mTgkpd6FV,PARIS,10,7Lv6VzSqIz1sAssK2JUskG,$AD BOYZ 4 LIFE II
45jWNNpTqJ4gSty54msOLx,OTRO AMOR,11,7Lv6VzSqIz1sAssK2JUskG,$AD BOYZ 4 LIFE II
3agTX6v1AbfY3mMA8qX2Bh,EN LA PEDA,12,7Lv6VzSqIz1sAssK2JUskG,$AD BOYZ 4 LIFE II
4ZOkfHC38nxSeSqzGE5HFr,PIÉNSALO,13,7Lv6VzSqIz1sAssK2JUskG,$AD BOYZ 4 LIFE II
0ItgotO5txriRAp6lXMHJ7,A TU NOMBRE,14,7Lv6VzSqIz1sAssK2JUskG,$AD BOYZ 4 LIFE II
0OG0qjJ9gN85kWZtIzW5uS,LOKERON X AMOR,15,7Lv6VzSqIz1sAssK2JUskG,$AD BOYZ 4 LIFE II
4e76Ss3ji7HQZ4qwcPNkNA,MIENTRAS DUERMES,16,7Lv6VzSqIz1sAssK2JUskG,$AD BOYZ 4 LIFE II
5fDDQmf4HaV848CIyrP2vl,ENTRE NOSOTROS,17,7Lv6VzSqIz1sAssK2JUskG,$AD BOYZ 4 LIFE II
0qzjxswNvaSPF7BzvFFeFT,INDICE,1,6J0q4a7WkkI6OvlZC4rLpi,CONTINGENTE
5k0iAYwThkoMh9LzFihATe,CONTINGENTE,2,6J0q4a7WkkI6OvlZC4rLpi,CONTINGENTE
6hxsXcuaPbHmIR8DsZJCyr,TUS BESOX,3,6J0q4a7WkkI6OvlZC4rLpi,CONTINGENTE
1yN7ljnKqrWTW3g9tdN2it,VETE YA,4,6J0q4a7WkkI6OvlZC4rLpi,CONTINGENTE
19EX1bo9j2ULT4SDvCPJnX,LE LLEGO,5,6J0q4a7WkkI6OvlZC4rLpi,CONTINGENTE
7hID0StXCgSbBeJ1WdHhYB,VENENO,6,6J0q4a7WkkI6OvlZC4rLpi,CONTINGENTE
1ULnQ2yn5LeQX4LrROm1RD,COLOGNE,7,6J0q4a7WkkI6OvlZC4rLpi,CONTINGENTE
3LkiQJGtyHVySbEqveKhU7,LA PASE,8,6J0q4a7WkkI6OvlZC4rLpi,CONTINGENTE
2drn04PdLw7Ivym9GQBsZX,TE ALEJASTE,9,6J0q4a7WkkI6OvlZC4rLpi,CONTINGENTE
6lpXYXbKeOOJuh392A1McV,MORENA,10,6J0q4a7WkkI6OvlZC4rLpi,CONTINGENTE
1ZQy8egxYPNOwVVQmnpAjW,BABY NO,11,6J0q4a7WkkI6OvlZC4rLpi,CONTINGENTE
1uR70Wokz35V2Jv75za2lx,LAST SONG,12,6J0q4a7WkkI6OvlZC4rLpi,CONTINGENTE
0xhEydZ27iNhTyneiIaTJn,Que Siga La Mata Dando,1,3ind4Ir3JMazCITxWQajDb,Mi Vida En Un Cigarro 2
66LAQt5CPZ1eokcx1gHQLD,Esta Vida,2,3ind4Ir3JMazCITxWQajDb,Mi Vida En Un Cigarro 2
3X33ooqvNCDP2A9XT6mc28,Nunca Tristes Siempre Locos,3,3ind4Ir3JMazCITxWQajDb,Mi Vida En Un Cigarro 2
18optKwR6sqin1p2pX6RaH,El Hijo Del Señor,4,3ind4Ir3JMazCITxWQajDb,Mi Vida En Un Cigarro 2
3ZGkdrigbWXLgHungXfZkt,Los Botones Azules,5,3ind4Ir3JMazCITxWQajDb,Mi Vida En Un Cigarro 2
2q7DY7bBua9e9Aygmz8XmB,Como Jordan,6,3ind4Ir3JMazCITxWQajDb,Mi Vida En Un Cigarro 2
4XkSLgoFq8SGNR4XSFXfyc,Pa Que Te Duela,7,3ind4Ir3JMazCITxWQajDb,Mi Vida En Un Cigarro 2
0atD69P4fKr8nBUi1FXBzX,Volveremos,8,3ind4Ir3JMazCITxWQajDb,Mi Vida En Un Cigarro 2
24teIhDYO2RocTA2v5dY0r,Extssy Model,9,3ind4Ir3JMazCITxWQajDb,Mi Vida En Un Cigarro 2
7nRgq8G9n4D8fgOdrwNMpg,El Cherokon,10,3ind4Ir3JMazCITxWQajDb,Mi Vida En Un Cigarro 2
1S4v5gRyZYnjGWUQqScH49,Numero 7,11,3ind4Ir3JMazCITxWQajDb,Mi Vida En Un Cigarro 2
01uqLvIL2MOzDD2Jt2QFHD,Una Navaja,12,3ind4Ir3JMazCITxWQajDb,Mi Vida En Un Cigarro 2
7enLVqhSEvg3Z5RVeFa76u,El Nene,13,3ind4Ir3JMazCITxWQajDb,Mi Vida En Un Cigarro 2
0F6T8FMFxQuM61XVq3aKgg,El Pelos,14,3ind4Ir3JMazCITxWQajDb,Mi Vida En Un Cigarro 2
30eRXCVFrkpD9HQ4QBQE2f,Empresa Fly Club,15,3ind4Ir3JMazCITxWQajDb,Mi Vida En Un Cigarro 2
0x7VKOWpEJflK0gvy3hTmk,Nací Para Amarte,16,3ind4Ir3JMazCITxWQajDb,Mi Vida En Un Cigarro 2
6ZIaN5JHxmMf0PK4TKSpFa,El Pana,17,3ind4Ir3JMazCITxWQajDb,Mi Vida En Un Cigarro 2
2PUkku0ojfF4wS1q8GGWSH,La Navego Al Modo,18,3ind4Ir3JMazCITxWQajDb,Mi Vida En Un Cigarro 2
1xCw9NDbA4EBXkrGV3zfH7,Que Hay Que Hacer,19,3ind4Ir3JMazCITxWQajDb,Mi Vida En Un Cigarro 2
1WV6pflyF9Y2uQIZ7Pa7IJ,Mis Manos,20,3ind4Ir3JMazCITxWQajDb,Mi Vida En Un Cigarro 2
2DQWbH7mMQYRuftnYPlfqQ,Yo Voy A Amarte,21,3ind4Ir3JMazCITxWQajDb,Mi Vida En Un Cigarro 2
6KqKgqMSLcRAXxOjoQpTIa,$ad Boyz 4 Life,1,0X24VcVf6nQJ52c5QmncsO,$ad Boyz 4 Life
3tDG0JVZo0Y0KwRVZgYIa7,Me Consume,2,0X24VcVf6nQJ52c5QmncsO,$ad Boyz 4 Life
41dNIMnh6QgS7YAnZ543MK,Enseñame,3,0X24VcVf6nQJ52c5QmncsO,$ad Boyz 4 Life
59Z1qb7vX4nMksBQ9vIkRr,Por Dentro,4,0X24VcVf6nQJ52c5QmncsO,$ad Boyz 4 Life
0WDBMtJby7pn1MTDAzSTQD,Chanel,5,0X24VcVf6nQJ52c5QmncsO,$ad Boyz 4 Life
75dSlWvH4Ju0Kh6H12PGTS,Mi Cuerno,6,0X24VcVf6nQJ52c5QmncsO,$ad Boyz 4 Life
1OGH9iojfuPYkn9cfF2pwc,Fvck,7,0X24VcVf6nQJ52c5QmncsO,$ad Boyz 4 Life
2n0q5RuqvRDR0zBYY7l7cA,Corazón Negro,8,0X24VcVf6nQJ52c5QmncsO,$ad Boyz 4 Life
5jWKGPiw2PaIvOVzsqYQvv,160 Gramos,9,0X24VcVf6nQJ52c5QmncsO,$ad Boyz 4 Life
1bnM75H69llLIWrazZwKty,El Velador,10,0X24VcVf6nQJ52c5QmncsO,$ad Boyz 4 Life
3XdqizlmYJBvlrg3t2ETAd,Henne$$y,11,0X24VcVf6nQJ52c5QmncsO,$ad Boyz 4 Life
54udnumOCHpq4SRpbKleat,1004 KM,12,0X24VcVf6nQJ52c5QmncsO,$ad Boyz 4 Life
4BT1FlFFH1GvTkhos23Cpk,La Bestia,13,0X24VcVf6nQJ52c5QmncsO,$ad Boyz 4 Life
0OgsPlMV3pP86PPXuc9rT2,Te Llevaste,14,0X24VcVf6nQJ52c5QmncsO,$ad Boyz 4 Life
75j9y4cWHtRKDT8PCFkYjO,Tal Vez,15,0X24VcVf6nQJ52c5QmncsO,$ad Boyz 4 Life
2xe37ZP6jVmZI1ibQr4P14,Lamento Boliviano,16,0X24VcVf6nQJ52c5QmncsO,$ad Boyz 4 Life
5UoFolYVqme3NABM96m0cD,Verdes Verdes,1,2JC96lAWIMYId0no3JwmxI,Las 3 Torres
6YPczk6I8RRCjIcJ9I7p8y,Crónicas de un Gallo,2,2JC96lAWIMYId0no3JwmxI,Las 3 Torres
79fkYjEJlscHdgAtYWYfUO,Pienso en Ella,3,2JC96lAWIMYId0no3JwmxI,Las 3 Torres
01nnJYsbiVmikEm1VP0rVi,Las 3 Torres,4,2JC96lAWIMYId0no3JwmxI,Las 3 Torres
0TQUOyxDtGoY7ow4Pkkg9S,Viejo Vaya,5,2JC96lAWIMYId0no3JwmxI,Las 3 Torres
4zqDIYc0L7xmaznKGz6yIt,Ni yo me la Creo,6,2JC96lAWIMYId0no3JwmxI,Las 3 Torres
56g3muqgPWmf5trto7lTUq,En el Cora,7,2JC96lAWIMYId0no3JwmxI,Las 3 Torres
79EhW2G1zqlEURSQLZTy5H,Cada Vez,8,2JC96lAWIMYId0no3JwmxI,Las 3 Torres
4DvlvHBAkCC6CaG0jIu66Q,Los Tigres Mandan,9,2JC96lAWIMYId0no3JwmxI,Las 3 Torres
1OqGxMgzBa8NNG8FvE8xyp,Santal 33,10,2JC96lAWIMYId0no3JwmxI,Las 3 Torres
6PUvfpTNj5PWJZxla1f6LL,Pacas en las Rakas II,11,2JC96lAWIMYId0no3JwmxI,Las 3 Torres
0FnvUgsuMd5aTaTCiAbLJL,Callejón,12,2JC96lAWIMYId0no3JwmxI,Las 3 Torres
6zS8aueH8x5ETScuNAE28J,El Empresario,13,2JC96lAWIMYId0no3JwmxI,Las 3 Torres
3Fv25AArx4OLBuMr1zPekU,El Trono,14,2JC96lAWIMYId0no3JwmxI,Las 3 Torres
5cD983hcs0iGeqVeKDdFN3,El Padrinox,15,2JC96lAWIMYId0no3JwmxI,Las 3 Torres
7lD7yVzc0iBuJPKB9sy40U,Feeling Good (feat. Snow Tha Product & CNG),16,2JC96lAWIMYId0no3JwmxI,Las 3 Torres
6DcoMwBXYYxKC5NaryeNX2,MUSICA <3,1,1wAx2wnAA7F1SRrznW2GcH,MUSICA <3
4wgmFVOhq23V49NoEavJmj,No Cap,2,1wAx2wnAA7F1SRrznW2GcH,MUSICA <3
5SE5LxyoTiK7zY8Et4touM,Hey CJ,3,1wAx2wnAA7F1SRrznW2GcH,MUSICA <3
68x2TVlhCCwwBmszzLeCcQ,Suena,4,1wAx2wnAA7F1SRrznW2GcH,MUSICA <3
3hRLyXivOwGsAQDnbNkFGa,Si Quieren,5,1wAx2wnAA7F1SRrznW2GcH,MUSICA <3
7xQrt5TkFBBmlTEPJvXTH8,Dias Nublados,6,1wAx2wnAA7F1SRrznW2GcH,MUSICA <3
0Zi1t54zaFFaBtOXDhbp6C,Pause,7,1wAx2wnAA7F1SRrznW2GcH,MUSICA <3
6HzREffgQ16b7Rlrr6BY0m,Psicodelica,8,1wAx2wnAA7F1SRrznW2GcH,MUSICA <3
5AZBBx9tnjEI5q7UyNpgra,Se Quedan Viendo,9,1wAx2wnAA7F1SRrznW2GcH,MUSICA <3
5WNuK51Ghu6XZHwWCr0Uxv,Las 4 Iniciales,10,1wAx2wnAA7F1SRrznW2GcH,MUSICA <3
1pfnhw8NpjYYwsisvfSQ6o,El Blanco,11,1wAx2wnAA7F1SRrznW2GcH,MUSICA <3
5c1IaDdDVwlbdK68tqB4lE,La Piel Rayada,12,1wAx2wnAA7F1SRrznW2GcH,MUSICA <3
1s1hRKC0zaL2O7zdLIm6md,Intro,1,0HANqWtJABVpAWVrQzE2XM,Cruisin' with Junior H
4YU704KDCv4tyE6qQxliY3,No Me Pesa,2,0HANqWtJABVpAWVrQzE2XM,Cruisin' with Junior H
2n953vWBOzx3m40zPBxjVQ,Con Un Presidente,3,0HANqWtJABVpAWVrQzE2XM,Cruisin' with Junior H
5JB34I3vX4WmQApQs2BIfL,Libros y Libretas,4,0HANqWtJABVpAWVrQzE2XM,Cruisin' with Junior H
1MY56ZqalQ4ACafBxetOG9,Ojos Colorados,5,0HANqWtJABVpAWVrQzE2XM,Cruisin' with Junior H
0rSlb6Ng6JobokQUPngjRE,Clave Ali,6,0HANqWtJABVpAWVrQzE2XM,Cruisin' with Junior H
3G8WaQkwVSwlcDGRHniG3w,La Vi Llorar,7,0HANqWtJABVpAWVrQzE2XM,Cruisin' with Junior H
3uo7T8AdLjBOP1pz8RFqI2,Clikeando,8,0HANqWtJABVpAWVrQzE2XM,Cruisin' with Junior H
3pQYf90V5idOGrXzosm9rt,Se Amerita,9,0HANqWtJABVpAWVrQzE2XM,Cruisin' with Junior H
3yUnGsC8TJRrSpTyWxUPY4,Tingo y Tango,10,0HANqWtJABVpAWVrQzE2XM,Cruisin' with Junior H
0vZOaZ8s8e9z4Lh8Rxq1xJ,Rambo El Apodo,11,0HANqWtJABVpAWVrQzE2XM,Cruisin' with Junior H
6cGn0H7qULcDnNZKeKktdB,El Chachito Anda Alegre,12,0HANqWtJABVpAWVrQzE2XM,Cruisin' with Junior H
0PbZvPMimDyIzen5Opm4YL,Atrapado en un Sueño,1,5q0D5AMiTxMKNN37ZKRWGo,Atrapado en un Sueño (Deluxe)
3ZkNnnmyUvbVXoGNQSuha3,Dicen,2,5q0D5AMiTxMKNN37ZKRWGo,Atrapado en un Sueño (Deluxe)
4doXUoUCYjnIWWenRza97m,Jueves 10,3,5q0D5AMiTxMKNN37ZKRWGo,Atrapado en un Sueño (Deluxe)
6Wy4RUuzC4RBdxCWuJokD6,Me Siento,4,5q0D5AMiTxMKNN37ZKRWGo,Atrapado en un Sueño (Deluxe)
5xbstMA0nqhY8yRc8xqiuF,Mente Positiva,5,5q0D5AMiTxMKNN37ZKRWGo,Atrapado en un Sueño (Deluxe)
6wF2PVYTRuwz1i3nwNgZmO,Pakas en las Rakas,6,5q0D5AMiTxMKNN37ZKRWGo,Atrapado en un Sueño (Deluxe)
7CKHy96bFUHRBoHNOPMG1t,Si Mañana,7,5q0D5AMiTxMKNN37ZKRWGo,Atrapado en un Sueño (Deluxe)
2LxBK38Ol3qwD4laifP3D1,Tengo Motivos,8,5q0D5AMiTxMKNN37ZKRWGo,Atrapado en un Sueño (Deluxe)
4FJHSPdhQqxovmYP9YpcHN,Atrapado en un Sueño,1,4UmrKzDJX0agxs2VF9lkaF,Atrapado en un Sueño
1bs3RhqxpKFvMj4ef1NV7F,Dicen,2,4UmrKzDJX0agxs2VF9lkaF,Atrapado en un Sueño
7KoyXL9zghiNpXkb5iVDyj,Jueves 10,3,4UmrKzDJX0agxs2VF9lkaF,Atrapado en un Sueño
1aPx4HV7YrPfLjBobCM6Tp,Me Siento,4,4UmrKzDJX0agxs2VF9lkaF,Atrapado en un Sueño
3WQilym5Vi4ypxb70vx0eY,Mente Positiva,5,4UmrKzDJX0agxs2VF9lkaF,Atrapado en un Sueño
4fpWUBMtmwycp0QDkpTeS6,Pakas en las Rakas,6,4UmrKzDJX0agxs2VF9lkaF,Atrapado en un Sueño
1l2kKqdmaXDouETVdMy2j4,Si Mañana,7,4UmrKzDJX0agxs2VF9lkaF,Atrapado en un Sueño
5NCBP3ivrIDcHEtzHSW3k0,El Drip,1,0Pr7tJefVMQCh8hy1n8OLr,Corridos Tumbados
6KCYZaTtjTkDoKgQr61tay,El Nayer,2,0Pr7tJefVMQCh8hy1n8OLr,Corridos Tumbados
7LH2UUuyMHt7035PLZQ8wx,Disfruto Lo Malo,3,0Pr7tJefVMQCh8hy1n8OLr,Corridos Tumbados
45VUFJHeZfopDwIV0LPzwI,El Cazador,4,0Pr7tJefVMQCh8hy1n8OLr,Corridos Tumbados
4grxcNFR2p7rb0Lq1uEFRO,La M4,5,0Pr7tJefVMQCh8hy1n8OLr,Corridos Tumbados
7n6GRe3u1y7UYSXk3LUt9q,El Chamaquito,6,0Pr7tJefVMQCh8hy1n8OLr,Corridos Tumbados
58bqqIYUIbkMOgD1ZBAr1E,Iniciales AL (Porte Fino),7,0Pr7tJefVMQCh8hy1n8OLr,Corridos Tumbados
5yHn0mPrtgdGC0eUROoodQ,Arriba Del 300,8,0Pr7tJefVMQCh8hy1n8OLr,Corridos Tumbados
5TcrOVydCIXJnEVBOcd4c0,El AK,9,0Pr7tJefVMQCh8hy1n8OLr,Corridos Tumbados
66kRtUTpkZG0aY0vBV30u1,Échele Un Ojo,10,0Pr7tJefVMQCh8hy1n8OLr,Corridos Tumbados
3lRxceRF0xldPItTNVLPGD,Un Suspiró Al Viento,11,0Pr7tJefVMQCh8hy1n8OLr,Corridos Tumbados
4g2qAKdnUcSEKKbzR8FaKr,Música Pal Barrio,12,0Pr7tJefVMQCh8hy1n8OLr,Corridos Tumbados
6pXUOqG3wyr3HiY3x9Vuco,Ahora,13,0Pr7tJefVMQCh8hy1n8OLr,Corridos Tumbados
3HdBaJJjn159Aa65869WKZ,Cuando Los Tope,14,0Pr7tJefVMQCh8hy1n8OLr,Corridos Tumbados
0tKl8ZVM6xJkhznvJAS3Nq,Ella,15,0Pr7tJefVMQCh8hy1n8OLr,Corridos Tumbados
7dRyj8N9EC8qQRjYL5Egsz,El Leon,16,0Pr7tJefVMQCh8hy1n8OLr,Corridos Tumbados
2EKXoQgPYkefxdEl2sDla5,Niño de Barrio,17,0Pr7tJefVMQCh8hy1n8OLr,Corridos Tumbados
1CBY5Rv9JtMgvKbJ1CangW,Cholos Malandros,18,0Pr7tJefVMQCh8hy1n8OLr,Corridos Tumbados
37ga8Mh4ylaWJlZCKaSFpc,Tranquilo Me Han De Ver,19,0Pr7tJefVMQCh8hy1n8OLr,Corridos Tumbados
6M5NgWwRMEFLt4bx457TTy,Buenos Ratos,20,0Pr7tJefVMQCh8hy1n8OLr,Corridos Tumbados
3Df7kydQpCLeEOhQDf2sM5,Porte Placoson,21,0Pr7tJefVMQCh8hy1n8OLr,Corridos Tumbados
0HXSfjTdQdqRokehViJerP,A los 19,1,16JVkAnni8riQ9trQ76lVs,Mi Vida en un Cigarro
59Xig7Qz2Q02rB4jS53g82,Allá por Texas,2,16JVkAnni8riQ9trQ76lVs,Mi Vida en un Cigarro
5EZ40nI1iBpqtRF8h1QAzj,El Barbero,3,16JVkAnni8riQ9trQ76lVs,Mi Vida en un Cigarro
39BJdy4FlxI7Z5iw6gM2LI,El Choro,4,16JVkAnni8riQ9trQ76lVs,Mi Vida en un Cigarro
5yjUmP6wpvTwqV3QWBfkhd,El de la Chevy,5,16JVkAnni8riQ9trQ76lVs,Mi Vida en un Cigarro
5wmLeQRJjN8NeCJQwcA3CL,El Guero en Placas,6,16JVkAnni8riQ9trQ76lVs,Mi Vida en un Cigarro
7bB3hZZMKVrq4VEi42oscQ,Mi Vida en un Cigarro,7,16JVkAnni8riQ9trQ76lVs,Mi Vida en un Cigarro
6JE175YPwLsqOsiCwg1OX5,No Eh Cambiado,8,16JVkAnni8riQ9trQ76lVs,Mi Vida en un Cigarro
6cxLkRF7smpPi630pWoIkP,Zumbando,9,16JVkAnni8riQ9trQ76lVs,Mi Vida en un Cigarro
1PTgQ0HyfwbXRKapVPNKxI,Tipo Gatsby,1,5MmiVlJJBI7hSd5QQIlHUT,DISTORSIÓN
1jtWHZ1M34JRJuPxnm8UmA,Vodka Peach,2,5MmiVlJJBI7hSd5QQIlHUT,DISTORSIÓN
1wY43hqNF1GM2Qisazzj2n,Bien Raro,3,5MmiVlJJBI7hSd5QQIlHUT,DISTORSIÓN
1gff7Ybgs4uLceHflZUPoC,Kim Kardashian,4,5MmiVlJJBI7hSd5QQIlHUT,DISTORSIÓN
3YttJxnWwZnQi0USkG5gGE,Cómo Está Carnal,5,5MmiVlJJBI7hSd5QQIlHUT,DISTORSIÓN
4r1MOyt0z3UDkyXlDmRaNX,Distorsión,6,5MmiVlJJBI7hSd5QQIlHUT,DISTORSIÓN
413PuRyGX4dWc7McPEY6am,Ghost Rider,7,5MmiVlJJBI7hSd5QQIlHUT,DISTORSIÓN
1xgWArLVFD1AKsLzftZYc2,Elvira,8,5MmiVlJJBI7hSd5QQIlHUT,DISTORSIÓN
3cF2DwEniY7qbL7nT93fAc,YW&F - Versión Reggaeton,9,5MmiVlJJBI7hSd5QQIlHUT,DISTORSIÓN
0xDEtY4B0kwlQBUZ9cNqe4,Ahuevo Que Sí,10,5MmiVlJJBI7hSd5QQIlHUT,DISTORSIÓN
1zPa7mRtxhJICJfqQP9qlO,Skin de Bandida,11,5MmiVlJJBI7hSd5QQIlHUT,DISTORSIÓN
2tbtiw0dhc5XIQA3srz2Gx,Marca Diablo,12,5MmiVlJJBI7hSd5QQIlHUT,DISTORSIÓN
4r1Fnb5AbDRtUYD45oHOSa,Andrea,13,5MmiVlJJBI7hSd5QQIlHUT,DISTORSIÓN
0273dcl4ADtTecl2vnjEue,YW&F - Versión Guitarras,14,5MmiVlJJBI7hSd5QQIlHUT,DISTORSIÓN
5FXxi6RxsnHETSfIfxRlNo,Solo Una Noche,15,5MmiVlJJBI7hSd5QQIlHUT,DISTORSIÓN
5EnoBLm3M7rN7XWQ1nfhXv,Mexican Flan,16,5MmiVlJJBI7hSd5QQIlHUT,DISTORSIÓN
1N0Wl5Sob61CC3UQ3yBfc4,Se Acabó el Disco,17,5MmiVlJJBI7hSd5QQIlHUT,DISTORSIÓN
5BRXdfXZ5il3XRqtOe9bfj,Paradise,1,27hDq1oNof8J1u08xMCvQk,GXLE 3
2IRbvqzDEbFhIGKkND1Zl6,La Greñita,2,27hDq1oNof8J1u08xMCvQk,GXLE 3
6CXCNtPUF8hVCcSY4Zswhb,La Santa,3,27hDq1oNof8J1u08xMCvQk,GXLE 3
44r5j9jjtgPEFXx0edKZaN,Maldito Amor,4,27hDq1oNof8J1u08xMCvQk,GXLE 3
605iSoIueR1LPo3e87h3U4,Compa Swagy,5,27hDq1oNof8J1u08xMCvQk,GXLE 3
7FI04jmsPiLOz4GfpnCw3M,Bye,6,27hDq1oNof8J1u08xMCvQk,GXLE 3
4FKKRGCzssvTe4BoqxkmEQ,Finta De Fresa,7,27hDq1oNof8J1u08xMCvQk,GXLE 3
7nVonWNQIzDxNzztCXImv1,Porte Placoso,8,27hDq1oNof8J1u08xMCvQk,GXLE 3
4SS0WD95c880oYlAnwWTRD,El M3,9,27hDq1oNof8J1u08xMCvQk,GXLE 3
0KG7QJ9K3yuLfjcwvUs0Ii,Desde Mi Habitación,10,27hDq1oNof8J1u08xMCvQk,GXLE 3
4cIVJ0b0A2DThFbrJsXTdy,TUQLO,1,3iRQdNKyI5Pf78jWYI1tFv,PERO NO TE ENAMORES
5AH31dDNgxCMGDdxubNNn4,NEL,2,3iRQdNKyI5Pf78jWYI1tFv,PERO NO TE ENAMORES
1U40NYEnXxvbwdmDugvgjS,SOFIA,3,3iRQdNKyI5Pf78jWYI1tFv,PERO NO TE ENAMORES
2FzTJdlfLMqDBnvNYddHUa,KYLIE,4,3iRQdNKyI5Pf78jWYI1tFv,PERO NO TE ENAMORES
7flg5peNvW82lmpT6nVtbZ,BELLA,5,3iRQdNKyI5Pf78jWYI1tFv,PERO NO TE ENAMORES
4ZxFCbs4LAHlHvtOZ5UbIi,FVCK,6,3iRQdNKyI5Pf78jWYI1tFv,PERO NO TE ENAMORES
09igpKXUHJFwwJqqTuCvva,VALERIA (feat. Gordo),7,3iRQdNKyI5Pf78jWYI1tFv,PERO NO TE ENAMORES
4vXEhBLt8fuZeMvTDXbIyi,SECRETO VICTORIA,8,3iRQdNKyI5Pf78jWYI1tFv,PERO NO TE ENAMORES
2cabe0AuXzJBlEv6sSMpAz,BRITNEY,9,3iRQdNKyI5Pf78jWYI1tFv,PERO NO TE ENAMORES
1tLuqyBMToIWE3LCWIgSMU,ALE,10,3iRQdNKyI5Pf78jWYI1tFv,PERO NO TE ENAMORES
6hA12wp8wT93WpLwNYUmOq,FRESITA,11,3iRQdNKyI5Pf78jWYI1tFv,PERO NO TE ENAMORES
5kFAyMPL3uhinJXh1uPpxH,FREESTYLE,12,3iRQdNKyI5Pf78jWYI1tFv,PERO NO TE ENAMORES
6OwjpJLqayrcTuzBvxoGMd,JESUS,13,3iRQdNKyI5Pf78jWYI1tFv,PERO NO TE ENAMORES
0EqzIZlzRQTe2nFhLAqkJe,BELINDA,14,3iRQdNKyI5Pf78jWYI1tFv,PERO NO TE ENAMORES
3w1h7uNU1Dfk2tOaHiIGat,PERO NO TE ENAMORES,15,3iRQdNKyI5Pf78jWYI1tFv,PERO NO TE ENAMORES
54FL6e96e4hOh5JT47kC4A,Bienvenida,1,3zu0hJJew2qXZNlselIQk8,Pa las Baby's Y Belikeada
0rEFT5a7hFbO6xl9essItt,FDVP,2,3zu0hJJew2qXZNlselIQk8,Pa las Baby's Y Belikeada
6MYMoJJFzRb1R7hRR2iYL1,GDL,3,3zu0hJJew2qXZNlselIQk8,Pa las Baby's Y Belikeada
69kFrD7Mi8MJq9tAvJaYqO,Sobras y Mujeres,4,3zu0hJJew2qXZNlselIQk8,Pa las Baby's Y Belikeada
3WDC9FGrNT9TbFJp9gBIbm,3 TROKAS,5,3zu0hJJew2qXZNlselIQk8,Pa las Baby's Y Belikeada
4zfQER4owi8q6NL8Gg63Ya,CRAZYZ,6,3zu0hJJew2qXZNlselIQk8,Pa las Baby's Y Belikeada
6yl1R2PR8aWZr8etPEqJL8,CHAMBA,7,3zu0hJJew2qXZNlselIQk8,Pa las Baby's Y Belikeada
0yS8oUlppSbADwFVGYjbMQ,CJNG,8,3zu0hJJew2qXZNlselIQk8,Pa las Baby's Y Belikeada
6qtOaQrYTqyAZdNMCmGQwr,F's,9,3zu0hJJew2qXZNlselIQk8,Pa las Baby's Y Belikeada
6UtWwuheJr5LLDeVypPNx7,EXCESOS,10,3zu0hJJew2qXZNlselIQk8,Pa las Baby's Y Belikeada
7gOAl2AH3ggAsu90GLbcpH,POLVOS DE CHANEL,11,3zu0hJJew2qXZNlselIQk8,Pa las Baby's Y Belikeada
2qrZpvfxSgXu7JXxYCj3Ka,PRADAX,12,3zu0hJJew2qXZNlselIQk8,Pa las Baby's Y Belikeada
7zpWphO4K5Z7zdN22spkCI,ZONA DE COMFORT,13,3zu0hJJew2qXZNlselIQk8,Pa las Baby's Y Belikeada
1Rt5PxKde8JdrCk4ZTnu0g,Dafuk,14,3zu0hJJew2qXZNlselIQk8,Pa las Baby's Y Belikeada
6CvTEtGagmzQvkUzzyKR9k,HARLEY QUINN,15,3zu0hJJew2qXZNlselIQk8,Pa las Baby's Y Belikeada
4VpTPw4gPDdhSITd3okIaZ,FREAKY FREAKY,16,3zu0hJJew2qXZNlselIQk8,Pa las Baby's Y Belikeada
5YZgFW1hURKX02zTayrpGI,BARBIEZ,17,3zu0hJJew2qXZNlselIQk8,Pa las Baby's Y Belikeada
0PcqxbDALEHfw0kAHWlpll,CUCU,18,3zu0hJJew2qXZNlselIQk8,Pa las Baby's Y Belikeada
3BssiKHkHy0zXZCj1T8TcJ,INMORTAL,19,3zu0hJJew2qXZNlselIQk8,Pa las Baby's Y Belikeada
13NKTZfS74IIOKdJoLND88,PLVO BLNCO,20,3zu0hJJew2qXZNlselIQk8,Pa las Baby's Y Belikeada
3YIQgQd87ky85C6iLvEvaN,CHICHIS,21,3zu0hJJew2qXZNlselIQk8,Pa las Baby's Y Belikeada
76f1K9hyG4j9Mny8mfgmtw,DON MERFOZ,22,3zu0hJJew2qXZNlselIQk8,Pa las Baby's Y Belikeada
1npx6ZSuv0KOIa8Pv7qCsu,Puro MQueen,23,3zu0hJJew2qXZNlselIQk8,Pa las Baby's Y Belikeada
1XBg3rmlUnUgXqZX7DacOq,BIEN CHAKA,24,3zu0hJJew2qXZNlselIQk8,Pa las Baby's Y Belikeada
4wlmbB1rquZGIvgtQndhXm,Me Jalé Pal Antro,25,3zu0hJJew2qXZNlselIQk8,Pa las Baby's Y Belikeada
5b4r2u2cTLeVNvbi2jCley,TU KISS,26,3zu0hJJew2qXZNlselIQk8,Pa las Baby's Y Belikeada
3kx21xR6IboC9HVdajgBoc,SABOR FRESA,27,3zu0hJJew2qXZNlselIQk8,Pa las Baby's Y Belikeada
2O223PoYCkIPSsE4cmnr9v,TQM,28,3zu0hJJew2qXZNlselIQk8,Pa las Baby's Y Belikeada
2nzfgpGvMINYAzrv7YpHfv,Desgraciada,29,3zu0hJJew2qXZNlselIQk8,Pa las Baby's Y Belikeada
0lbDzTINTToToBpkrnQT2t,UNA CERVEZA,30,3zu0hJJew2qXZNlselIQk8,Pa las Baby's Y Belikeada
7LpOv13UlQtTVbknzGGzQm,Mi Vecindario,1,7idxAlo8GuUKWV7RhOlptp,Pa Que Hablen
0INsSoDfcZKmaLiw5z6Brr,Gente Nueva,2,7idxAlo8GuUKWV7RhOlptp,Pa Que Hablen
0MHFbqdlWzAkgO8p7pkfMb,Mi Terre CLN,3,7idxAlo8GuUKWV7RhOlptp,Pa Que Hablen
4KYdqX7VWv3gBuFNI0n4mJ,Whiskey Con Agua,4,7idxAlo8GuUKWV7RhOlptp,Pa Que Hablen
0UbesRsX2TtiCeamOIVEkp,Ch y la Pizza,5,7idxAlo8GuUKWV7RhOlptp,Pa Que Hablen
3ED6wBTpybjYfzl9ZHAS67,Francotirador,6,7idxAlo8GuUKWV7RhOlptp,Pa Que Hablen
17js0w8GTkTUFGFM6PYvBd,Igualito a Mi Apá,7,7idxAlo8GuUKWV7RhOlptp,Pa Que Hablen
7LEx6UUC2xzYGz8D8eCU36,Una Raya Más Al Tigre,8,7idxAlo8GuUKWV7RhOlptp,Pa Que Hablen
0wF2PAVr6cA0RS0B5FS51W,Más Bélico Que el Diablo,9,7idxAlo8GuUKWV7RhOlptp,Pa Que Hablen
2VmeNiaRsq0Z2gcMcQvHb8,Modo Maldito,10,7idxAlo8GuUKWV7RhOlptp,Pa Que Hablen
4QrJ0FGSzvnV6TPXFOASaw,Otro Amanecer,11,7idxAlo8GuUKWV7RhOlptp,Pa Que Hablen
1S65ib6SBhlsneaVmjbdrw,Tu Ventana,12,7idxAlo8GuUKWV7RhOlptp,Pa Que Hablen
5ItFDgE4V1nq9VkDfZTedg,Aretes,13,7idxAlo8GuUKWV7RhOlptp,Pa Que Hablen
2Uw0BLEO96u70KQSWOc0XZ,Se Logró,1,7JH7pr10sJV9caUhk3ORyK,Sigan Hablando
2um0106nrjNOayotnhbKMZ,"Fiestas, Tragos, Noche Loca",2,7JH7pr10sJV9caUhk3ORyK,Sigan Hablando
5Y5n1K7yn5kHFvNf7xL8l5,Y Me Verán,3,7JH7pr10sJV9caUhk3ORyK,Sigan Hablando
6at5CSe9grrC30rQwdI0bQ,Nunca Se Imaginó,4,7JH7pr10sJV9caUhk3ORyK,Sigan Hablando
6k9zUQ7Gngrs8ULzQOyDDV,Me Tocó Morir,5,7JH7pr10sJV9caUhk3ORyK,Sigan Hablando
3XpcSpqQzgNqMsMismJSYZ,El Diablo,6,7JH7pr10sJV9caUhk3ORyK,Sigan Hablando
4r6VsjYXzkgaxUtE0s22Cm,Soy el Pirata,7,7JH7pr10sJV9caUhk3ORyK,Sigan Hablando
5XBKRRiNL7nbP3haJ7M9P0,Soy Manuel,8,7JH7pr10sJV9caUhk3ORyK,Sigan Hablando
3CzKvU0aS0bi8UNxoZFlEE,Chrysler 300 - En Vivo,9,7JH7pr10sJV9caUhk3ORyK,Sigan Hablando
0IKeDy5bT9G0bA7ZixRT4A,Bebe Dame,10,7JH7pr10sJV9caUhk3ORyK,Sigan Hablando
4hqcgS5XqaxtmXRib1UKJb,Un Idiota,11,7JH7pr10sJV9caUhk3ORyK,Sigan Hablando
0NmgAzatBPG3t2HNHfmGrn,Prefiero Empedarme,12,7JH7pr10sJV9caUhk3ORyK,Sigan Hablando
7JwpLvC5CKXzVjIytAjBBj,50 Mentadas,13,7JH7pr10sJV9caUhk3ORyK,Sigan Hablando
2Qu9wGTaDptmj7qla9F7Kg,Sangre Michoacana,1,1UtMaTZl4kau9NSFqc8wHp,"Del Barrio Hasta Aquí, Vol. 2"
1hHnCReCPe1FUkGLTeuCaC,Me Acostumbre A Lo Bueno,2,1UtMaTZl4kau9NSFqc8wHp,"Del Barrio Hasta Aquí, Vol. 2"
7Kicpyaa5jhmKxj9xUUPAA,EL WALKS,3,1UtMaTZl4kau9NSFqc8wHp,"Del Barrio Hasta Aquí, Vol. 2"
1WH2A9TEkuxx8k7R50nNBt,Gente Del Flaco,4,1UtMaTZl4kau9NSFqc8wHp,"Del Barrio Hasta Aquí, Vol. 2"
3P78VtCgQYatOenyJbPTpN,El Drogas,5,1UtMaTZl4kau9NSFqc8wHp,"Del Barrio Hasta Aquí, Vol. 2"
2YW8EvFnUFF1ff6mIQGv3v,El Blontezon,6,1UtMaTZl4kau9NSFqc8wHp,"Del Barrio Hasta Aquí, Vol. 2"
4hfEpjsxll9sWLmnbpaSv7,Negocio Perro,7,1UtMaTZl4kau9NSFqc8wHp,"Del Barrio Hasta Aquí, Vol. 2"
2vsXparn2QoH1PwOEy0l0K,Los Mire Con Talento (Version Estudio),8,1UtMaTZl4kau9NSFqc8wHp,"Del Barrio Hasta Aquí, Vol. 2"
3yaQXJLibcGEhRG8x62pUX,Sangre De Colima,9,1UtMaTZl4kau9NSFqc8wHp,"Del Barrio Hasta Aquí, Vol. 2"
1o8jINIv1utzkzmP6b82NH,100k,10,1UtMaTZl4kau9NSFqc8wHp,"Del Barrio Hasta Aquí, Vol. 2"
6AOuBKifehnHOfVKqzZGFi,Por El 5,11,1UtMaTZl4kau9NSFqc8wHp,"Del Barrio Hasta Aquí, Vol. 2"
6W8zkOCzjmRkc1E3JR3mBF,Descansando,12,1UtMaTZl4kau9NSFqc8wHp,"Del Barrio Hasta Aquí, Vol. 2"
65PuxkIWoPBsEnGmBiKOV2,Mi Madre Se Acuerda,13,1UtMaTZl4kau9NSFqc8wHp,"Del Barrio Hasta Aquí, Vol. 2"
1o6RLGFAhBenMGxKTvtw60,Lo Vieron Pasar,14,1UtMaTZl4kau9NSFqc8wHp,"Del Barrio Hasta Aquí, Vol. 2"
7A1Y4WZhvsyeKx4iG1ePX0,Que Esta Pasando,15,1UtMaTZl4kau9NSFqc8wHp,"Del Barrio Hasta Aquí, Vol. 2"
13nxws7ypVmYjOWew47SCN,No Es Pa Presumir,16,1UtMaTZl4kau9NSFqc8wHp,"Del Barrio Hasta Aquí, Vol. 2"
6aGdRGfVl7t9fL6aWbaFGd,Ando Bien Pedo,1,43VJC0wCb2qkm1KrIdRYqc,Pisteando Con La Regida (Vol. 3)
2C7CccBZZHxSHlc3KV534M,El Jabalí,2,43VJC0wCb2qkm1KrIdRYqc,Pisteando Con La Regida (Vol. 3)
7gYbVw3oEFM2w1jNIVu1yS,Jaimito Leyva,3,43VJC0wCb2qkm1KrIdRYqc,Pisteando Con La Regida (Vol. 3)
1Tn1foficwcu4wN5BUhh8j,Media Naranja,4,43VJC0wCb2qkm1KrIdRYqc,Pisteando Con La Regida (Vol. 3)
6cMoCUuDuM9qN4q91JazXu,Árboles De La Barranca,5,43VJC0wCb2qkm1KrIdRYqc,Pisteando Con La Regida (Vol. 3)
1cznypGCkvfe1EnL2QAa6y,Una Aventura,6,43VJC0wCb2qkm1KrIdRYqc,Pisteando Con La Regida (Vol. 3)
5tIVcRcVPMTlUvapEx70WE,Prohibido,7,43VJC0wCb2qkm1KrIdRYqc,Pisteando Con La Regida (Vol. 3)
1LacKS6o3uCGsB00RtHxzf,Cita Con Un Invento,8,43VJC0wCb2qkm1KrIdRYqc,Pisteando Con La Regida (Vol. 3)
0IpjVkKj5FKRKSk5hAx5Bk,No Me Dejes Nunca,9,43VJC0wCb2qkm1KrIdRYqc,Pisteando Con La Regida (Vol. 3)
2qzQO4Aivqqg24zPeHJRQw,No Logre Olvidarte,10,43VJC0wCb2qkm1KrIdRYqc,Pisteando Con La Regida (Vol. 3)
0jH7epDEcUS9n8Wcnx0aaX,Aguanta Corazon,11,43VJC0wCb2qkm1KrIdRYqc,Pisteando Con La Regida (Vol. 3)
37gyKGilCt4RW9l1Du8zIh,Te Hubieras Ido Antes,12,43VJC0wCb2qkm1KrIdRYqc,Pisteando Con La Regida (Vol. 3)
0FFmiFRIgV6retszwNWnP8,Dueño De Ti,13,43VJC0wCb2qkm1KrIdRYqc,Pisteando Con La Regida (Vol. 3)
2aZTpXXQkKl6CW3gcgurYo,El Vaso Derrama,14,43VJC0wCb2qkm1KrIdRYqc,Pisteando Con La Regida (Vol. 3)
3b2hRoU8E4NHvoZ7LtwBsa,El Coco,15,43VJC0wCb2qkm1KrIdRYqc,Pisteando Con La Regida (Vol. 3)
75ZkrYWgQtQjRdpsubetpG,Dos Celulares,16,43VJC0wCb2qkm1KrIdRYqc,Pisteando Con La Regida (Vol. 3)
15JDCT50VCWgjlTvxNRGXg,El Arbol Del Mayo,17,43VJC0wCb2qkm1KrIdRYqc,Pisteando Con La Regida (Vol. 3)
4ttexpvsnPqqnPxSTH3roN,El Rey,18,43VJC0wCb2qkm1KrIdRYqc,Pisteando Con La Regida (Vol. 3)
1HBDEruKxQkb9nZnp2QE5B,Hermoso Cariño,19,43VJC0wCb2qkm1KrIdRYqc,Pisteando Con La Regida (Vol. 3)
19iucT8nAxsGInO2Y1somA,24 de Diciembre,1,0yFixxmec99yoUUMPsr6kT,Navidad Con La Regida
7cWMHZIakSw3ANHmNSyndX,Ven A Mi Casa Esta Navidad,2,0yFixxmec99yoUUMPsr6kT,Navidad Con La Regida
0Es2hHjYJqRPlQjMxm6sut,Feliz Navidad,3,0yFixxmec99yoUUMPsr6kT,Navidad Con La Regida
1TXfox4cwT9ubQJXwAnouX,Navidad Sin Ti,4,0yFixxmec99yoUUMPsr6kT,Navidad Con La Regida
06jpTiHUJBpgXaiPvrFMLE,Cada Diciembre,5,0yFixxmec99yoUUMPsr6kT,Navidad Con La Regida
40qtYtAtU9KU120akkoOw5,Burrito Sabanero,6,0yFixxmec99yoUUMPsr6kT,Navidad Con La Regida
6jhN93AlwEqvfBNFVyjzTr,Campanas Navideñas,7,0yFixxmec99yoUUMPsr6kT,Navidad Con La Regida
5IF4qgcAd8WeL9YWxP89jY,Calles de Houston,1,5qRP84o6qlXu1M4K6zSWib,"Otro Pedo, Otro Mundo"
6cjs4tocRS5CqVdwmkoTns,No Cantaron Las Mananitas,2,5qRP84o6qlXu1M4K6zSWib,"Otro Pedo, Otro Mundo"
3rcZEndE4FBHwWIWPRMiOf,Vamos Bien,3,5qRP84o6qlXu1M4K6zSWib,"Otro Pedo, Otro Mundo"
3XdfyjlFzsD0i7cJncclwc,Pisando Cucarachas,4,5qRP84o6qlXu1M4K6zSWib,"Otro Pedo, Otro Mundo"
0vuZ129TJJ6IBS3Gg9mKol,Bien Frozen,5,5qRP84o6qlXu1M4K6zSWib,"Otro Pedo, Otro Mundo"
1DSFQMFptch8ssZ77Q1Iin,Dos Chavalos,6,5qRP84o6qlXu1M4K6zSWib,"Otro Pedo, Otro Mundo"
4moFn24ZryrFwxi8VtfWka,Versos Del Infierno,7,5qRP84o6qlXu1M4K6zSWib,"Otro Pedo, Otro Mundo"
7jObBsY2j46Qa8s7HHDDRo,Ahi Les Va,8,5qRP84o6qlXu1M4K6zSWib,"Otro Pedo, Otro Mundo"
1EDoZIuqk95ltTORT4QCBV,Entre Tanto Santo Falso,9,5qRP84o6qlXu1M4K6zSWib,"Otro Pedo, Otro Mundo"
1NHpFE1SjcO2rNmFeJnRN7,Mares y Los Yates,10,5qRP84o6qlXu1M4K6zSWib,"Otro Pedo, Otro Mundo"
2BW8PWWj9JEauiLAogtdTB,Intro,1,2NUfhyZ1jMj2YUAFo753c4,Adicto
5mvQxewFOB8Ft4Wz13AwWj,Adicto,2,2NUfhyZ1jMj2YUAFo753c4,Adicto
5Ja3BRIClNXt7P6LXm0Up6,18 Llantas,3,2NUfhyZ1jMj2YUAFo753c4,Adicto
6Funt1lyAnsArseCpDk7tk,Tiacentral,4,2NUfhyZ1jMj2YUAFo753c4,Adicto
2ZLWA53f3RT821b7eM4QlQ,"Agusto ""GTR""",5,2NUfhyZ1jMj2YUAFo753c4,Adicto
3VBBuhpRfJYkIV8SNE9Akw,Ando Contento,6,2NUfhyZ1jMj2YUAFo753c4,Adicto
408njIFyu87eurjTtLlDan,P town,7,2NUfhyZ1jMj2YUAFo753c4,Adicto
78hr8rkCLl8kzjUHGiAfKK,Tiempo de Brillar,8,2NUfhyZ1jMj2YUAFo753c4,Adicto
4imJCOD3fJ5gBAFzqCex2O,(S)enor,9,2NUfhyZ1jMj2YUAFo753c4,Adicto
5Vlqn1W53JlVoTV3NgxU0h,Somos Mexicanos,10,2NUfhyZ1jMj2YUAFo753c4,Adicto
0rB4KwwzSFUF6l57nh4rf5,Estoy Aqui - Bonus Track,11,2NUfhyZ1jMj2YUAFo753c4,Adicto
6IL1O74pjRGkAQoish4rvk,Me Dicen El Coyote,1,3sVXSzrTDtqu3SazsdAKzb,Pisteando Con La Regida Vol. 2
6RHiugSfPYmqDeY4zmWkoX,Los Sufrimientos,2,3sVXSzrTDtqu3SazsdAKzb,Pisteando Con La Regida Vol. 2
5BIuH1OqCtQM5DvLNob8cO,Que Tal Se Siente,3,3sVXSzrTDtqu3SazsdAKzb,Pisteando Con La Regida Vol. 2
6BTUFCvfdIVvNfKT0TCiB2,Olegario Chaidez,4,3sVXSzrTDtqu3SazsdAKzb,Pisteando Con La Regida Vol. 2
5gNsVknjvVagIqpED37LKF,La Vida Del Changuito,5,3sVXSzrTDtqu3SazsdAKzb,Pisteando Con La Regida Vol. 2
0a4mdOouk0dfU5jZ1rYMEv,No Volvere,6,3sVXSzrTDtqu3SazsdAKzb,Pisteando Con La Regida Vol. 2
2kO5z9x8uvOZziM1EZLX6E,Vaciando Botellas,7,3sVXSzrTDtqu3SazsdAKzb,Pisteando Con La Regida Vol. 2
3yS8KJmIqB8CFBGKi4SNZF,Alma Enamorada,8,3sVXSzrTDtqu3SazsdAKzb,Pisteando Con La Regida Vol. 2
2jFf11yM0aRv4DrNOcJtFX,El Muchacho Alegre,1,6XCfOtEcXJgbq6ka1C7eAc,Pisteando Con La Regida
4Wj4cg6ZA7JM7ZDd2C0X1Y,Mi Gusto Es,2,6XCfOtEcXJgbq6ka1C7eAc,Pisteando Con La Regida
1bEeWutf9HIPBnpE3bEPLu,Vida Mafiosa,3,6XCfOtEcXJgbq6ka1C7eAc,Pisteando Con La Regida
51rRgWc5zh8mSV9xFWnhng,Prenda Del Alma,4,6XCfOtEcXJgbq6ka1C7eAc,Pisteando Con La Regida
2iS3svHVEtHHPA0AJ88AZd,Te Voy A Olvidar,5,6XCfOtEcXJgbq6ka1C7eAc,Pisteando Con La Regida
2Be24aeUotYipsHiOhgDYE,Quien Es Usted,6,6XCfOtEcXJgbq6ka1C7eAc,Pisteando Con La Regida
6a3hO4g1j1ClurDUCgYy1t,La Numero 20,7,6XCfOtEcXJgbq6ka1C7eAc,Pisteando Con La Regida
4OFZupXwpalIFG1BbbuQt7,30 Kilos,1,1kkgaqEDusHWTP51xkiUn1,Del Barrio Hasta Aquí
0IsaqFRLAveK5LiwuO0mK9,Sigo Chambeando,2,1kkgaqEDusHWTP51xkiUn1,Del Barrio Hasta Aquí
0WQ6wwOc4j2MYJ2dnjo3Hk,El Empiezo,3,1kkgaqEDusHWTP51xkiUn1,Del Barrio Hasta Aquí
0ZWyrRhG7VQ7Grslf1v0RS,El Dinero Los Cambio,4,1kkgaqEDusHWTP51xkiUn1,Del Barrio Hasta Aquí
7njWRsONZwb8znBYDd5Xl1,Malos Pasos,5,1kkgaqEDusHWTP51xkiUn1,Del Barrio Hasta Aquí
036UkrZahgcm5ciIiELmnQ,Les Voy A Platicar,6,1kkgaqEDusHWTP51xkiUn1,Del Barrio Hasta Aquí
7bC7TdehslF8iUS5f8wRpP,En Modesto Se La Pasa,7,1kkgaqEDusHWTP51xkiUn1,Del Barrio Hasta Aquí
6sHQbbIZbZurYqGfeKzhts,Aquel Morrillo,8,1kkgaqEDusHWTP51xkiUn1,Del Barrio Hasta Aquí
5rC7YmH8CJhC6uiFDYbAUL,Soy De Michoacan,9,1kkgaqEDusHWTP51xkiUn1,Del Barrio Hasta Aquí
7BxCvgkMSSJ34C7H8goDk7,Aquí Sigo Yo,10,1kkgaqEDusHWTP51xkiUn1,Del Barrio Hasta Aquí
3ycQxnY4UsffMXNt8w4yqZ,Entre Files Y Las Huertas,11,1kkgaqEDusHWTP51xkiUn1,Del Barrio Hasta Aquí
6TVsSZkyy3GraIG7UddluH,Rey Del Humo,12,1kkgaqEDusHWTP51xkiUn1,Del Barrio Hasta Aquí
6lxdyzq5zwGg2Wgyy3798y,Graffiteando Paredes,13,1kkgaqEDusHWTP51xkiUn1,Del Barrio Hasta Aquí
5i1lL7iQU1zvju3Glqu9Y5,Atlanta Hasta Florida,14,1kkgaqEDusHWTP51xkiUn1,Del Barrio Hasta Aquí
0nMqz0H6Nh7qn38xI3Law7,Soy Montero,1,6cuMLImONAtfxkZOOIaIev,En Vivo Puros Corridos
2n8FOXGNq6i8rCIZcLzKs4,El Fifty Pa Los Gringos,2,6cuMLImONAtfxkZOOIaIev,En Vivo Puros Corridos
0xyYGsjyOj8e0gyln3fOK0,Fume Uno,3,6cuMLImONAtfxkZOOIaIev,En Vivo Puros Corridos
302EyQ2HF5QXgNjUCgiTdC,Caminando Con Buen Porte,4,6cuMLImONAtfxkZOOIaIev,En Vivo Puros Corridos
5yRX39hinpUjhfQDZF7zxm,Iniciales JG,5,6cuMLImONAtfxkZOOIaIev,En Vivo Puros Corridos
72o9UqF5JApT5ZFs2RpkHX,Pedro Del Valle,6,6cuMLImONAtfxkZOOIaIev,En Vivo Puros Corridos
5ZlhwByCK9RSmTLacMJlaD,Radicamos En South Central,7,6cuMLImONAtfxkZOOIaIev,En Vivo Puros Corridos
7yfqSEIbOlSnWQtbQTvEAm,Chino Por Apodo,8,6cuMLImONAtfxkZOOIaIev,En Vivo Puros Corridos
2yOCo1Pkgq4NPkL5VL14rk,Dos Plumas,9,6cuMLImONAtfxkZOOIaIev,En Vivo Puros Corridos
0BlyGOktAiaru1oi6R5H7O,El De Jalisco,10,6cuMLImONAtfxkZOOIaIev,En Vivo Puros Corridos
62ns2GqhVgtdXcAaT1viND,El JR,11,6cuMLImONAtfxkZOOIaIev,En Vivo Puros Corridos
0hCTogzrTZBcKCWpjDhSdF,Sergio El Americano,12,6cuMLImONAtfxkZOOIaIev,En Vivo Puros Corridos
7zsF9ErcJjpvU5oJE7qadO,MARAVILLA,1,27GWSFRITD8JJcSGMgEfTN,INCÓMODO
7AysIqSEDiwP4CUsAXJwrk,PRIMO,2,27GWSFRITD8JJcSGMgEfTN,INCÓMODO
708Xn7MHNQZo3nMErlgXKI,PAJUELAZO,3,27GWSFRITD8JJcSGMgEfTN,INCÓMODO
0u5ml8a0djgz1cC1hKkJG0,FARANDULITAS,4,27GWSFRITD8JJcSGMgEfTN,INCÓMODO
3IEvQ1CzszUJtTRLmmMJ2X,5-7,5,27GWSFRITD8JJcSGMgEfTN,INCÓMODO
6b6qi0ObycTK8hdrkgU21Y,CHINO,6,27GWSFRITD8JJcSGMgEfTN,INCÓMODO
6X6m4xmdFcz31p1h7Qg68c,EL LOKERON,7,27GWSFRITD8JJcSGMgEfTN,INCÓMODO
4JWJ5BFdXnyV7BzTLj7dfJ,MR INTERNACIONAL,8,27GWSFRITD8JJcSGMgEfTN,INCÓMODO
2lAUq68F2bt7Kc218n9FPp,AY MAMÁ,9,27GWSFRITD8JJcSGMgEfTN,INCÓMODO
7ojqw2j3HrrmXhfykBV88i,DETONA,10,27GWSFRITD8JJcSGMgEfTN,INCÓMODO
0u1sqxkxZDI9ENRhtjBEUU,LA BANDOLERA,11,27GWSFRITD8JJcSGMgEfTN,INCÓMODO
0R23grfg7MaNE9TUpNNQUU,LA TROKA,12,27GWSFRITD8JJcSGMgEfTN,INCÓMODO
5lKFO0PrOC9jmOlPEdjHsL,DOS DÍAS,13,27GWSFRITD8JJcSGMgEfTN,INCÓMODO
1wsDxqEDpsvNCatbXHjOje,BLANCA ROSITA Y MARIA,14,27GWSFRITD8JJcSGMgEfTN,INCÓMODO
6HrALJOMsfPCCbUo5cJCON,ESCAPATE,15,27GWSFRITD8JJcSGMgEfTN,INCÓMODO
7qXptgpZGo8AFPhJCBVLFE,LINDA,16,27GWSFRITD8JJcSGMgEfTN,INCÓMODO
54dLa5eBEOu21QkmBus4cL,DEMBOW BÉLICO,17,27GWSFRITD8JJcSGMgEfTN,INCÓMODO
0zLA16D7GXoT8K7XFaiCv3,TU SI,18,27GWSFRITD8JJcSGMgEfTN,INCÓMODO
7Jk86fYuucnJRzp3XlYK4C,LA 701,19,27GWSFRITD8JJcSGMgEfTN,INCÓMODO
5jgvoAw4cyAYdxhPN7zwZb,TENDIDO,20,27GWSFRITD8JJcSGMgEfTN,INCÓMODO
7bpYjSF1pw7Klp38Y9rJK2,LOS CUADROS,21,27GWSFRITD8JJcSGMgEfTN,INCÓMODO
1VykDC2twhsRrlhgxJHKRZ,Sad Loqueron,1,1O51JYs5jdmREsm45dyeGc,THE GB
6HPU2csiZAxNziZbW7jd6Y,Lucky Charms,2,1O51JYs5jdmREsm45dyeGc,THE GB
4gR70oLwVCnAAmaLmvBOjY,Rococo,3,1O51JYs5jdmREsm45dyeGc,THE GB
1ufvUzb22WGWvNoHecXWZn,La Niña,4,1O51JYs5jdmREsm45dyeGc,THE GB
64bkq8hlgf0zTtBxQvXIrn,A Puro Dolor,5,1O51JYs5jdmREsm45dyeGc,THE GB
3eATXx1HGzaiLG9MTwakHl,Fly Club,6,1O51JYs5jdmREsm45dyeGc,THE GB
6Q2UhuLaPUlC9VANQOjPxo,Neta,7,1O51JYs5jdmREsm45dyeGc,THE GB
7LYDbpD5tUi9sdYxUdJ0yv,Cuento de Hadas,8,1O51JYs5jdmREsm45dyeGc,THE GB
4afProqHUVQW8v1ympoNTP,Mi Segunda Vida,9,1O51JYs5jdmREsm45dyeGc,THE GB
21NvSNOb9eqlRwFeqreHmM,Sin Yolanda,10,1O51JYs5jdmREsm45dyeGc,THE GB
3cZ7HCLpXjKGy0mLNNPvxr,BELIKON,11,1O51JYs5jdmREsm45dyeGc,THE GB
1Gp71NN7m8WYIFMi335lJJ,El Boss,12,1O51JYs5jdmREsm45dyeGc,THE GB
2AXzmijK5XGp27edG4VMyJ,Fancys,13,1O51JYs5jdmREsm45dyeGc,THE GB
10nK29LmMRNULNyIah8VJX,Bichi,14,1O51JYs5jdmREsm45dyeGc,THE GB
5rRIkqmOeExv72ZAQKsNKk,Me Voy,15,1O51JYs5jdmREsm45dyeGc,THE GB
5Y2Lozc5neSagsc8250JDj,Dolido,16,1O51JYs5jdmREsm45dyeGc,THE GB
1zlbnoJE5NabN9STMIYmf1,Sonrisa Colgate,17,1O51JYs5jdmREsm45dyeGc,THE GB
6rW8WieVVPbX2cpySBu4Vv,Balenciaga Rose,18,1O51JYs5jdmREsm45dyeGc,THE GB
3ftm3PVm5uBdBvk2UeIqnl,Mocoso,19,1O51JYs5jdmREsm45dyeGc,THE GB
3EOePIpf8GdVg0SRxqGL4h,Ando En Lo Malo,20,1O51JYs5jdmREsm45dyeGc,THE GB
0AedbGm7eNJnEFCXVKQX2C,Perfecta,21,1O51JYs5jdmREsm45dyeGc,THE GB
3wtZAUizB7ReUKVuVsKWT7,LOU LOU,22,1O51JYs5jdmREsm45dyeGc,THE GB
7C0xpS2Dt5pRVPmGjaZout,Abeja Reina,1,3lHvL6z4Xy7QNiRFfCMK6S,SS23
0DMmtu6bymuNiigYdmlPNx,Mis Fantasías Y Yo,2,3lHvL6z4Xy7QNiRFfCMK6S,SS23
5vbI1ZAapMWilQko88A2mA,Celular,3,3lHvL6z4Xy7QNiRFfCMK6S,SS23
0cKX0v0XEA9zhrNE8JOV93,¿A Poco Dices Que No?,4,3lHvL6z4Xy7QNiRFfCMK6S,SS23
2MQILdxJy3XTuC4yxDaovi,Así Es El Amor,5,3lHvL6z4Xy7QNiRFfCMK6S,SS23
1xzJ1wOqlqPscsIVaEnDwZ,La Neta Ahí Te Ves,6,3lHvL6z4Xy7QNiRFfCMK6S,SS23
2CWFcyR160Lv84SvqVcDtF,Te Quería Pa' Bien,7,3lHvL6z4Xy7QNiRFfCMK6S,SS23
6SEWhlV2578vu3ybWXIEwJ,Te He Prometido,8,3lHvL6z4Xy7QNiRFfCMK6S,SS23
1LoffMrOUhLGn0uzsgvhSq,El Popeye (En Vivo),1,4L14L29uPwSUzYo3f4vEz8,De Mis Favoritas (En Vivo) Vol. 1
76yn0yGA36qmmlnEcMCKuB,Cuánto Te Quiero (En Vivo),2,4L14L29uPwSUzYo3f4vEz8,De Mis Favoritas (En Vivo) Vol. 1
5oHbEsXSprOIc3Fqekfpo8,Avioncitos De Papel (En Vivo),3,4L14L29uPwSUzYo3f4vEz8,De Mis Favoritas (En Vivo) Vol. 1
5rmpdo2BZIfNc6KUPqxLlG,Aliado Del Tiempo (En Vivo),4,4L14L29uPwSUzYo3f4vEz8,De Mis Favoritas (En Vivo) Vol. 1
7d0b8pg45Mm9nVRnaRHvfG,El Mt (En Vivo),5,4L14L29uPwSUzYo3f4vEz8,De Mis Favoritas (En Vivo) Vol. 1
7G8adLAFqsylEBqKAgpJ00,Que Lloro (En Vivo),6,4L14L29uPwSUzYo3f4vEz8,De Mis Favoritas (En Vivo) Vol. 1
7kRyGL1NUi6lBqhv7mZDuZ,Nadie Sabe Lo Que Tiene (En Vivo),7,4L14L29uPwSUzYo3f4vEz8,De Mis Favoritas (En Vivo) Vol. 1
4vRZQraHLx3106xUNYZKt1,La Carreta (En Vivo),8,4L14L29uPwSUzYo3f4vEz8,De Mis Favoritas (En Vivo) Vol. 1
1PV1wHyoMH1O3zakNaQpKE,El Amor En Carro (En Vivo),9,4L14L29uPwSUzYo3f4vEz8,De Mis Favoritas (En Vivo) Vol. 1
6v8Vj799x1i8niqEuEl62b,Amor Ilegal (En Vivo),10,4L14L29uPwSUzYo3f4vEz8,De Mis Favoritas (En Vivo) Vol. 1
5cR1eNYajZ88SYb9F9FHcX,Romántico Ordinario (En Vivo),11,4L14L29uPwSUzYo3f4vEz8,De Mis Favoritas (En Vivo) Vol. 1
3MhdPrTFssbqJLPMU5PRpP,Ni Falta Que Hace (En Vivo),12,4L14L29uPwSUzYo3f4vEz8,De Mis Favoritas (En Vivo) Vol. 1
6xlAon8L6Ot1PWerNHhlOc,El Rompecabezas - En Vivo,1,2mRWsJtsvoupLY9Ib5Yv65,Levemente En Vivo Desde Hermosillo
3oVpvyjyZaSBN9LVvP20Up,Aqui Vamos Avanzando - En Vivo,2,2mRWsJtsvoupLY9Ib5Yv65,Levemente En Vivo Desde Hermosillo
5e9abOffogzlyjr7xAEM4p,Y Yo En Que He Fallado - En Vivo,3,2mRWsJtsvoupLY9Ib5Yv65,Levemente En Vivo Desde Hermosillo
5wzloy6fT4oR06Gqk6ChwB,Muchacho De Rancho - En Vivo,4,2mRWsJtsvoupLY9Ib5Yv65,Levemente En Vivo Desde Hermosillo
4hs0HJlCqaXFCx0iYb8GNZ,A Mi Estilo - En Vivo,5,2mRWsJtsvoupLY9Ib5Yv65,Levemente En Vivo Desde Hermosillo
0iyN0u36Fc8subUatcMAnN,Chiquitita - En Vivo,6,2mRWsJtsvoupLY9Ib5Yv65,Levemente En Vivo Desde Hermosillo
2QvZcD0lLX7eV8ku2pnoYj,Se Acorrientaron - En Vivo,7,2mRWsJtsvoupLY9Ib5Yv65,Levemente En Vivo Desde Hermosillo
5rtKCxu4xb5tFzdwwf7pj8,Smith (with Junior H & Fuerza Regida),1,0IeCqguWKSslODbwnrelhq,Que Sigan Llegando Las Pacas (Extended)
0NsGFMIo2aNbAkJu48ndaf,Morena Canela,2,0IeCqguWKSslODbwnrelhq,Que Sigan Llegando Las Pacas (Extended)
0oYrWJXmrEFBAaRxsa40Fx,Pues Podemos (with Turo Pacas),3,0IeCqguWKSslODbwnrelhq,Que Sigan Llegando Las Pacas (Extended)
0fXrlnPxSjIMqLhYf0MD1p,Tunechi (with Gabito Ballesteros),4,0IeCqguWKSslODbwnrelhq,Que Sigan Llegando Las Pacas (Extended)
6yDZz99VfBY8NTsx3ZDKkZ,Lampareado,5,0IeCqguWKSslODbwnrelhq,Que Sigan Llegando Las Pacas (Extended)
4zUmbBeJMQ1H1zGskH0Btz,3 Letras (OVO),6,0IeCqguWKSslODbwnrelhq,Que Sigan Llegando Las Pacas (Extended)
07Qh8kdRZoYGPJOevvbr0a,Modo Capone (with Drake & Fuerza Regida),7,0IeCqguWKSslODbwnrelhq,Que Sigan Llegando Las Pacas (Extended)
4wLeufUl8d6J9zAHZmog09,Queovole Carnal,8,0IeCqguWKSslODbwnrelhq,Que Sigan Llegando Las Pacas (Extended)
1NM58u0A5GGjfe2YLdfFgZ,Mami Chula,9,0IeCqguWKSslODbwnrelhq,Que Sigan Llegando Las Pacas (Extended)
7sxTY1LdWgFJm6b6Jx7IhF,DiCaprio (with Armenta),10,0IeCqguWKSslODbwnrelhq,Que Sigan Llegando Las Pacas (Extended)
6SvAvDIzS5ZWBagkc7XOgp,El Gordo Trae El Mando,11,0IeCqguWKSslODbwnrelhq,Que Sigan Llegando Las Pacas (Extended)
1QNgzbXdq1X20vZQsUVSuN,Otra Vez Pegue Un Vergazo,12,0IeCqguWKSslODbwnrelhq,Que Sigan Llegando Las Pacas (Extended)
0x1ZJ14BY5inHN9RsSllDO,La Trokita (with Los Nuevos Rebeldes),13,0IeCqguWKSslODbwnrelhq,Que Sigan Llegando Las Pacas (Extended)
1de69KbI8CMGvANmoH3970,Que Tranza,14,0IeCqguWKSslODbwnrelhq,Que Sigan Llegando Las Pacas (Extended)
1eCpKyqGCQ3lignyphxlmN,Dijeron Que No La Iba Lograr,15,0IeCqguWKSslODbwnrelhq,Que Sigan Llegando Las Pacas (Extended)
